,Active occupant and activity statistics (derived from the TUS survey data.),,,,,,,,,,,,,,,,,,,,,,,,,,,,,,,,,,,,,,,,,,,,,,,,,,,,,,,,,,,,,,,,,,,,,,,,,,,,,,,,,,,,,,,,,,,,,,,,,,,,,,,,,,,,,,,,,,,,,,,,,,,,,,,,,,,,,,,,,,,,,,,,,,,,,,,
,,,,,,,,,,,,,,,,,,,,,,,,,,,,,,,,,,,,,,,,,,,,,,,,,,,,,,,,,,,,,,,,,,,,,,,,,,,,,,,,,,,,,,,,,,,,,,,,,,,,,,,,,,,,,,,,,,,,,,,,,,,,,,,,,,,,,,,,,,,,,,,,,,,,,,,,
,Activity,Activity name,Average activity probability (or average proportion of time where at least one active occupant is engaged in this activity),,,,,,,,,,,,,,,,,,,,,,,,,,,,,,,,,,,,,,,,,,,,,,,,,,,,,,,,,,,,,,,,,,,,,,,,,,,,,,,,,,,,,,,,,,,,,,,,,,,,,,,,,,,,,,,,,,,,,,,,,,,,,,,,,,,,,,,,,,,,,,,,,,,,,
,Watching television,Act_TV,0.15,,,,,,,,,,,,,,,,,,,,,,,,,,,,,,,,,,,,,,,,,,,,,,,,,,,,,,,,,,,,,,,,,,,,,,,,,,,,,,,,,,,,,,,,,,,,,,,,,,,,,,,,,,,,,,,,,,,,,,,,,,,,,,,,,,,,,,,,,,,,,,,,,,,,,
,Performing cooking activities,Act_Cooking,0.07,,,,,,,,,,,,,,,,,,,,,,,,,,,,,,,,,,,,,,,,,,,,,,,,,,,,,,,,,,,,,,,,,,,,,,,,,,,,,,,,,,,,,,,,,,,,,,,,,,,,,,,,,,,,,,,,,,,,,,,,,,,,,,,,,,,,,,,,,,,,,,,,,,,,,
,Doing laundry,Act_Laundry,0.01,,,,,,,,,,,,,,,,,,,,,,,,,,,,,,,,,,,,,,,,,,,,,,,,,,,,,,,,,,,,,,,,,,,,,,,,,,,,,,,,,,,,,,,,,,,,,,,,,,,,,,,,,,,,,,,,,,,,,,,,,,,,,,,,,,,,,,,,,,,,,,,,,,,,,
,Washing or dressing,Act_WashDress,0.06,,,,,,,,,,,,,,,,,,,,,,,,,,,,,,,,,,,,,,,,,,,,,,,,,,,,,,,,,,,,,,,,,,,,,,,,,,,,,,,,,,,,,,,,,,,,,,,,,,,,,,,,,,,,,,,,,,,,,,,,,,,,,,,,,,,,,,,,,,,,,,,,,,,,,
,Ironing,Act_Iron,0.01,,,,,,,,,,,,,,,,,,,,,,,,,,,,,,,,,,,,,,,,,,,,,,,,,,,,,,,,,,,,,,,,,,,,,,,,,,,,,,,,,,,,,,,,,,,,,,,,,,,,,,,,,,,,,,,,,,,,,,,,,,,,,,,,,,,,,,,,,,,,,,,,,,,,,
,Cleaning the house,Act_HouseClean,0.03,,,,,,,,,,,,,,,,,,,,,,,,,,,,,,,,,,,,,,,,,,,,,,,,,,,,,,,,,,,,,,,,,,,,,,,,,,,,,,,,,,,,,,,,,,,,,,,,,,,,,,,,,,,,,,,,,,,,,,,,,,,,,,,,,,,,,,,,,,,,,,,,,,,,,
,Active occupancy,ACTIVE_OCC,0.47,"i.e. the probabilty of any dwelling being activity occupied, regardless of time or household type",,,,,,,,,,,,,,,,,,,,,,,,,,,,,,,,,,,,,,,,,,,,,,,,,,,,,,,,,,,,,,,,,,,,,,,,,,,,,,,,,,,,,,,,,,,,,,,,,,,,,,,,,,,,,,,,,,,,,,,,,,,,,,,,,,,,,,,,,,,,,,,,,,,,
,,,,,,,,,,,,,,,,,,,,,,,,,,,,,,,,,,,,,,,,,,,,,,,,,,,,,,,,,,,,,,,,,,,,,,,,,,,,,,,,,,,,,,,,,,,,,,,,,,,,,,,,,,,,,,,,,,,,,,,,,,,,,,,,,,,,,,,,,,,,,,,,,,,,,,,,
,Number of residents,"Probability of dwelling having this number of residents, in the UK",,,,,,,,,,,,,,,,,,,,,,,,,,,,,,,,,,,,,,,,,,,,,,,,,,,,,,,,,,,,,,,,,,,,,,,,,,,,,,,,,,,,,,,,,,,,,,,,,,,,,,,,,,,,,,,,,,,,,,,,,,,,,,,,,,,,,,,,,,,,,,,,,,,,,,
,1,0.3390455315,,,,,,,,,,,,,,,,,,,,,,,,,,,,,,,,,,,,,,,,,,,,,,,,,,,,,,,,,,,,,,,,,,,,,,,,,,,,,,,,,,,,,,,,,,,,,,,,,,,,,,,,,,,,,,,,,,,,,,,,,,,,,,,,,,,,,,,,,,,,,,,,,,,,,,
,2,0.4011158713,,,,,,,,,,,,,,,,,,,,,,,,,,,,,,,,,,,,,,,,,,,,,,,,,,,,,,,,,,,,,,,,,,,,,,,,,,,,,,,,,,,,,,,,,,,,,,,,,,,,,,,,,,,,,,,,,,,,,,,,,,,,,,,,,,,,,,,,,,,,,,,,,,,,,,
,3,0.1370927568,,,,,,,,,,,,,,,,,,,,,,,,,,,,,,,,,,,,,,,,,,,,,,,,,,,,,,,,,,,,,,,,,,,,,,,,,,,,,,,,,,,,,,,,,,,,,,,,,,,,,,,,,,,,,,,,,,,,,,,,,,,,,,,,,,,,,,,,,,,,,,,,,,,,,,
,4,0.08807412573,,,,,,,,,,,,,,,,,,,,,,,,,,,,,,,,,,,,,,,,,,,,,,,,,,,,,,,,,,,,,,,,,,,,,,,,,,,,,,,,,,,,,,,,,,,,,,,,,,,,,,,,,,,,,,,,,,,,,,,,,,,,,,,,,,,,,,,,,,,,,,,,,,,,,,
,5,0.03467171466,,,,,,,,,,,,,,,,,,,,,,,,,,,,,,,,,,,,,,,,,,,,,,,,,,,,,,,,,,,,,,,,,,,,,,,,,,,,,,,,,,,,,,,,,,,,,,,,,,,,,,,,,,,,,,,,,,,,,,,,,,,,,,,,,,,,,,,,,,,,,,,,,,,,,,
,,,,,,,,,,,,,,,,,,,,,,,,,,,,,,,,,,,,,,,,,,,,,,,,,,,,,,,,,,,,,,,,,,,,,,,,,,,,,,,,,,,,,,,,,,,,,,,,,,,,,,,,,,,,,,,,,,,,,,,,,,,,,,,,,,,,,,,,,,,,,,,,,,,,,,,,
,Average number of residents,2.078210621,,,,,,,,,,,,,,,,,,,,,,,,,,,,,,,,,,,,,,,,,,,,,,,,,,,,,,,,,,,,,,,,,,,,,,,,,,,,,,,,,,,,,,,,,,,,,,,,,,,,,,,,,,,,,,,,,,,,,,,,,,,,,,,,,,,,,,,,,,,,,,,,,,,,,,
,,,,,,,,,,,,,,,,,,,,,,,,,,,,,,,,,,,,,,,,,,,,,,,,,,,,,,,,,,,,,,,,,,,,,,,,,,,,,,,,,,,,,,,,,,,,,,,,,,,,,,,,,,,,,,,,,,,,,,,,,,,,,,,,,,,,,,,,,,,,,,,,,,,,,,,,
,Weekend flag,Probability of occurrence of this day type,,,,,,,,,,,,,,,,,,,,,,,,,,,,,,,,,,,,,,,,,,,,,,,,,,,,,,,,,,,,,,,,,,,,,,,,,,,,,,,,,,,,,,,,,,,,,,,,,,,,,,,,,,,,,,,,,,,,,,,,,,,,,,,,,,,,,,,,,,,,,,,,,,,,,,
,0,0.7142857143,,,,,,,,,,,,,,,,,,,,,,,,,,,,,,,,,,,,,,,,,,,,,,,,,,,,,,,,,,,,,,,,,,,,,,,,,,,,,,,,,,,,,,,,,,,,,,,,,,,,,,,,,,,,,,,,,,,,,,,,,,,,,,,,,,,,,,,,,,,,,,,,,,,,,,
,1,0.2857142857,,,,,,,,,,,,,,,,,,,,,,,,,,,,,,,,,,,,,,,,,,,,,,,,,,,,,,,,,,,,,,,,,,,,,,,,,,,,,,,,,,,,,,,,,,,,,,,,,,,,,,,,,,,,,,,,,,,,,,,,,,,,,,,,,,,,,,,,,,,,,,,,,,,,,,
,,,,,,,,,,,,,,,,,,,,,,,,,,,,,,,,,,,,,,,,,,,,,,,,,,,,,,,,,,,,,,,,,,,,,,,,,,,,,,,,,,,,,,,,,,,,,,,,,,,,,,,,,,,,,,,,,,,,,,,,,,,,,,,,,,,,,,,,,,,,,,,,,,,,,,,,
,Activity probability distributions (conditional on day type and number of active occupants),,,,,,,,,,,,,,,,,,,,,,,,,,,,,,,,,,,,,,,,,,,,,,,,,,,,,,,,,,,,,,,,,,,,,,,,,,,,,,,,,,,,,,,,,,,,,,,,,,,,,,,,,,,,,,,,,,,,,,,,,,,,,,,,,,,,,,,,,,,,,,,,,,,,,,,
,,Active,,Proportion of households where at least one occupant is engaged in a particular activity during a particular ten minute period,,,,,,,,,,,,,,,,,,,,,,,,,,,,,,,,,,,,,,,,,,,,,,,,,,,,,,,,,,,,,,,,,,,,,,,,,,,,,,,,,,,,,,,,,,,,,,,,,,,,,,,,,,,,,,,,,,,,,,,,,,,,,,,,,,,,,,,,,,,,,,,,,,,,
,,occupant,,"For example, between 00:00 and 00:10 (time period 1), the proportion of households with one active occupant watching TV on a weekday is 0.322.",,,,,,,,,,,,,,,,,,,,,,,,,,,,,,,,,,,,,,,,,,,,,,,,,,,,,,,,,,,,,,,,,,,,,,,,,,,,,,,,,,,,,,,,,,,,,,,,,,,,,,,,,,,,,,,,,,,,,,,,,,,,,,,,,,,,,,,,,,,,,,,,,,,,
,Weekend flag,count,Activity name,Ten-minute period number,,,,,,,,,,,,,,,,,,,,,,,,,,,,,,,,,,,,,,,,,,,,,,,,,,,,,,,,,,,,,,,,,,,,,,,,,,,,,,,,,,,,,,,,,,,,,,,,,,,,,,,,,,,,,,,,,,,,,,,,,,,,,,,,,,,,,,,,,,,,,,,,,,,,
,(boolean),(n),,1,2,3,4,5,6,7,8,9,10,11,12,13,14,15,16,17,18,19,20,21,22,23,24,25,26,27,28,29,30,31,32,33,34,35,36,37,38,39,40,41,42,43,44,45,46,47,48,49,50,51,52,53,54,55,56,57,58,59,60,61,62,63,64,65,66,67,68,69,70,71,72,73,74,75,76,77,78,79,80,81,82,83,84,85,86,87,88,89,90,91,92,93,94,95,96,97,98,99,100,101,102,103,104,105,106,107,108,109,110,111,112,113,114,115,116,117,118,119,120,121,122,123,124,125,126,127,128,129,130,131,132,133,134,135,136,137,138,139,140,141,142,143,144,,,,,
,0,0,Act_TV,0.000,0.000,0.000,0.000,0.000,0.000,0.000,0.000,0.000,0.000,0.000,0.000,0.000,0.000,0.000,0.000,0.000,0.000,0.000,0.000,0.000,0.000,0.000,0.000,0.000,0.000,0.000,0.000,0.000,0.000,0.000,0.000,0.000,0.000,0.000,0.000,0.000,0.000,0.000,0.000,0.000,0.000,0.000,0.000,0.000,0.000,0.000,0.000,0.000,0.000,0.000,0.000,0.000,0.000,0.000,0.000,0.000,0.000,0.000,0.000,0.000,0.000,0.000,0.000,0.000,0.000,0.000,0.000,0.000,0.000,0.000,0.000,0.000,0.000,0.000,0.000,0.000,0.000,0.000,0.000,0.000,0.000,0.000,0.000,0.000,0.000,0.000,0.000,0.000,0.000,0.000,0.000,0.000,0.000,0.000,0.000,0.000,0.000,0.000,0.000,0.000,0.000,0.000,0.000,0.000,0.000,0.000,0.000,0.000,0.000,0.000,0.000,0.000,0.000,0.000,0.000,0.000,0.000,0.000,0.000,0.000,0.000,0.000,0.000,0.000,0.000,0.000,0.000,0.000,0.000,0.000,0.000,0.000,0.000,0.000,0.000,0.000,0.000,0.000,0.000,0.000,0.000,0.000,0.000,,,,,
,0,0,Act_Cooking,0.000,0.000,0.000,0.000,0.000,0.000,0.000,0.000,0.000,0.000,0.000,0.000,0.000,0.000,0.000,0.000,0.000,0.000,0.000,0.000,0.000,0.000,0.000,0.000,0.000,0.000,0.000,0.000,0.000,0.000,0.000,0.000,0.000,0.000,0.000,0.000,0.000,0.000,0.000,0.000,0.000,0.000,0.000,0.000,0.000,0.000,0.000,0.000,0.000,0.000,0.000,0.000,0.000,0.000,0.000,0.000,0.000,0.000,0.000,0.000,0.000,0.000,0.000,0.000,0.000,0.000,0.000,0.000,0.000,0.000,0.000,0.000,0.000,0.000,0.000,0.000,0.000,0.000,0.000,0.000,0.000,0.000,0.000,0.000,0.000,0.000,0.000,0.000,0.000,0.000,0.000,0.000,0.000,0.000,0.000,0.000,0.000,0.000,0.000,0.000,0.000,0.000,0.000,0.000,0.000,0.000,0.000,0.000,0.000,0.000,0.000,0.000,0.000,0.000,0.000,0.000,0.000,0.000,0.000,0.000,0.000,0.000,0.000,0.000,0.000,0.000,0.000,0.000,0.000,0.000,0.000,0.000,0.000,0.000,0.000,0.000,0.000,0.000,0.000,0.000,0.000,0.000,0.000,0.000,,,,,
,0,0,Act_Laundry,0.000,0.000,0.000,0.000,0.000,0.000,0.000,0.000,0.000,0.000,0.000,0.000,0.000,0.000,0.000,0.000,0.000,0.000,0.000,0.000,0.000,0.000,0.000,0.000,0.000,0.000,0.000,0.000,0.000,0.000,0.000,0.000,0.000,0.000,0.000,0.000,0.000,0.000,0.000,0.000,0.000,0.000,0.000,0.000,0.000,0.000,0.000,0.000,0.000,0.000,0.000,0.000,0.000,0.000,0.000,0.000,0.000,0.000,0.000,0.000,0.000,0.000,0.000,0.000,0.000,0.000,0.000,0.000,0.000,0.000,0.000,0.000,0.000,0.000,0.000,0.000,0.000,0.000,0.000,0.000,0.000,0.000,0.000,0.000,0.000,0.000,0.000,0.000,0.000,0.000,0.000,0.000,0.000,0.000,0.000,0.000,0.000,0.000,0.000,0.000,0.000,0.000,0.000,0.000,0.000,0.000,0.000,0.000,0.000,0.000,0.000,0.000,0.000,0.000,0.000,0.000,0.000,0.000,0.000,0.000,0.000,0.000,0.000,0.000,0.000,0.000,0.000,0.000,0.000,0.000,0.000,0.000,0.000,0.000,0.000,0.000,0.000,0.000,0.000,0.000,0.000,0.000,0.000,0.000,,,,,
,0,0,Act_WashDress,0.000,0.000,0.000,0.000,0.000,0.000,0.000,0.000,0.000,0.000,0.000,0.000,0.000,0.000,0.000,0.000,0.000,0.000,0.000,0.000,0.000,0.000,0.000,0.000,0.000,0.000,0.000,0.000,0.000,0.000,0.000,0.000,0.000,0.000,0.000,0.000,0.000,0.000,0.000,0.000,0.000,0.000,0.000,0.000,0.000,0.000,0.000,0.000,0.000,0.000,0.000,0.000,0.000,0.000,0.000,0.000,0.000,0.000,0.000,0.000,0.000,0.000,0.000,0.000,0.000,0.000,0.000,0.000,0.000,0.000,0.000,0.000,0.000,0.000,0.000,0.000,0.000,0.000,0.000,0.000,0.000,0.000,0.000,0.000,0.000,0.000,0.000,0.000,0.000,0.000,0.000,0.000,0.000,0.000,0.000,0.000,0.000,0.000,0.000,0.000,0.000,0.000,0.000,0.000,0.000,0.000,0.000,0.000,0.000,0.000,0.000,0.000,0.000,0.000,0.000,0.000,0.000,0.000,0.000,0.000,0.000,0.000,0.000,0.000,0.000,0.000,0.000,0.000,0.000,0.000,0.000,0.000,0.000,0.000,0.000,0.000,0.000,0.000,0.000,0.000,0.000,0.000,0.000,0.000,,,,,
,0,0,Act_Iron,0.000,0.000,0.000,0.000,0.000,0.000,0.000,0.000,0.000,0.000,0.000,0.000,0.000,0.000,0.000,0.000,0.000,0.000,0.000,0.000,0.000,0.000,0.000,0.000,0.000,0.000,0.000,0.000,0.000,0.000,0.000,0.000,0.000,0.000,0.000,0.000,0.000,0.000,0.000,0.000,0.000,0.000,0.000,0.000,0.000,0.000,0.000,0.000,0.000,0.000,0.000,0.000,0.000,0.000,0.000,0.000,0.000,0.000,0.000,0.000,0.000,0.000,0.000,0.000,0.000,0.000,0.000,0.000,0.000,0.000,0.000,0.000,0.000,0.000,0.000,0.000,0.000,0.000,0.000,0.000,0.000,0.000,0.000,0.000,0.000,0.000,0.000,0.000,0.000,0.000,0.000,0.000,0.000,0.000,0.000,0.000,0.000,0.000,0.000,0.000,0.000,0.000,0.000,0.000,0.000,0.000,0.000,0.000,0.000,0.000,0.000,0.000,0.000,0.000,0.000,0.000,0.000,0.000,0.000,0.000,0.000,0.000,0.000,0.000,0.000,0.000,0.000,0.000,0.000,0.000,0.000,0.000,0.000,0.000,0.000,0.000,0.000,0.000,0.000,0.000,0.000,0.000,0.000,0.000,,,,,
,0,0,Act_HouseClean,0.000,0.000,0.000,0.000,0.000,0.000,0.000,0.000,0.000,0.000,0.000,0.000,0.000,0.000,0.000,0.000,0.000,0.000,0.000,0.000,0.000,0.000,0.000,0.000,0.000,0.000,0.000,0.000,0.000,0.000,0.000,0.000,0.000,0.000,0.000,0.000,0.000,0.000,0.000,0.000,0.000,0.000,0.000,0.000,0.000,0.000,0.000,0.000,0.000,0.000,0.000,0.000,0.000,0.000,0.000,0.000,0.000,0.000,0.000,0.000,0.000,0.000,0.000,0.000,0.000,0.000,0.000,0.000,0.000,0.000,0.000,0.000,0.000,0.000,0.000,0.000,0.000,0.000,0.000,0.000,0.000,0.000,0.000,0.000,0.000,0.000,0.000,0.000,0.000,0.000,0.000,0.000,0.000,0.000,0.000,0.000,0.000,0.000,0.000,0.000,0.000,0.000,0.000,0.000,0.000,0.000,0.000,0.000,0.000,0.000,0.000,0.000,0.000,0.000,0.000,0.000,0.000,0.000,0.000,0.000,0.000,0.000,0.000,0.000,0.000,0.000,0.000,0.000,0.000,0.000,0.000,0.000,0.000,0.000,0.000,0.000,0.000,0.000,0.000,0.000,0.000,0.000,0.000,0.000,,,,,
,0,1,Act_TV,0.322,0.330,0.337,0.319,0.336,0.305,0.253,0.274,0.286,0.284,0.294,0.251,0.182,0.176,0.167,0.157,0.167,0.141,0.120,0.105,0.104,0.106,0.095,0.056,0.115,0.105,0.090,0.099,0.090,0.071,0.057,0.069,0.060,0.069,0.072,0.084,0.058,0.047,0.048,0.045,0.053,0.035,0.038,0.034,0.049,0.048,0.048,0.051,0.052,0.057,0.060,0.057,0.061,0.063,0.068,0.073,0.074,0.076,0.083,0.081,0.076,0.084,0.090,0.091,0.103,0.112,0.104,0.108,0.115,0.103,0.108,0.105,0.088,0.101,0.111,0.118,0.129,0.133,0.135,0.151,0.159,0.166,0.176,0.184,0.173,0.169,0.175,0.172,0.174,0.169,0.160,0.162,0.175,0.180,0.182,0.186,0.204,0.212,0.219,0.224,0.218,0.207,0.191,0.198,0.204,0.215,0.213,0.236,0.262,0.267,0.281,0.281,0.282,0.304,0.351,0.363,0.402,0.438,0.453,0.455,0.454,0.475,0.482,0.496,0.518,0.523,0.531,0.544,0.559,0.556,0.571,0.526,0.469,0.492,0.494,0.465,0.457,0.443,0.395,0.390,0.381,0.351,0.351,0.358,,,,,
,0,1,Act_Cooking,0.022,0.015,0.015,0.020,0.020,0.022,0.018,0.008,0.000,0.005,0.011,0.018,0.019,0.029,0.028,0.007,0.016,0.031,0.023,0.038,0.032,0.038,0.026,0.028,0.052,0.076,0.098,0.046,0.069,0.101,0.098,0.111,0.142,0.116,0.122,0.104,0.132,0.122,0.144,0.150,0.135,0.144,0.148,0.146,0.144,0.156,0.158,0.166,0.138,0.141,0.128,0.142,0.132,0.134,0.124,0.119,0.112,0.114,0.100,0.098,0.096,0.087,0.082,0.076,0.073,0.086,0.096,0.089,0.098,0.109,0.128,0.161,0.192,0.183,0.168,0.183,0.179,0.188,0.200,0.149,0.138,0.122,0.106,0.095,0.119,0.103,0.088,0.094,0.089,0.085,0.105,0.100,0.112,0.109,0.112,0.148,0.176,0.155,0.168,0.196,0.202,0.232,0.262,0.252,0.236,0.225,0.232,0.220,0.205,0.188,0.180,0.179,0.167,0.158,0.138,0.120,0.111,0.103,0.083,0.080,0.069,0.062,0.059,0.067,0.053,0.060,0.056,0.050,0.051,0.045,0.037,0.046,0.060,0.037,0.039,0.039,0.028,0.029,0.029,0.022,0.026,0.029,0.025,0.020,,,,,
,0,1,Act_Laundry,0.000,0.001,0.000,0.000,0.000,0.002,0.000,0.000,0.000,0.000,0.000,0.000,0.000,0.000,0.000,0.000,0.000,0.000,0.000,0.000,0.000,0.000,0.000,0.000,0.000,0.010,0.000,0.000,0.000,0.006,0.000,0.000,0.011,0.013,0.006,0.005,0.006,0.011,0.013,0.009,0.009,0.009,0.011,0.016,0.013,0.014,0.017,0.013,0.018,0.015,0.021,0.030,0.032,0.027,0.035,0.035,0.033,0.039,0.040,0.039,0.036,0.038,0.037,0.040,0.045,0.041,0.039,0.035,0.034,0.033,0.035,0.039,0.034,0.033,0.031,0.027,0.023,0.020,0.020,0.017,0.016,0.021,0.022,0.030,0.024,0.026,0.021,0.024,0.020,0.019,0.021,0.017,0.019,0.017,0.017,0.012,0.018,0.019,0.014,0.015,0.015,0.011,0.012,0.010,0.010,0.007,0.007,0.005,0.009,0.005,0.007,0.007,0.009,0.007,0.008,0.006,0.005,0.004,0.008,0.007,0.006,0.003,0.004,0.006,0.006,0.006,0.009,0.003,0.003,0.002,0.004,0.004,0.005,0.004,0.003,0.002,0.002,0.003,0.002,0.002,0.003,0.003,0.003,0.003,,,,,
,0,1,Act_WashDress,0.124,0.093,0.069,0.103,0.090,0.086,0.144,0.112,0.108,0.074,0.102,0.138,0.136,0.074,0.063,0.082,0.063,0.102,0.135,0.075,0.080,0.058,0.155,0.150,0.292,0.295,0.262,0.244,0.299,0.337,0.374,0.307,0.256,0.353,0.319,0.342,0.415,0.394,0.368,0.390,0.389,0.372,0.424,0.391,0.357,0.336,0.316,0.292,0.295,0.273,0.244,0.213,0.197,0.170,0.181,0.148,0.127,0.111,0.098,0.093,0.098,0.092,0.074,0.067,0.061,0.055,0.061,0.059,0.053,0.070,0.062,0.050,0.043,0.038,0.034,0.042,0.033,0.036,0.034,0.034,0.038,0.036,0.030,0.026,0.030,0.032,0.029,0.032,0.032,0.029,0.027,0.026,0.026,0.022,0.030,0.026,0.029,0.029,0.027,0.026,0.031,0.025,0.031,0.036,0.035,0.036,0.039,0.039,0.042,0.040,0.047,0.048,0.045,0.048,0.055,0.050,0.051,0.048,0.050,0.046,0.051,0.050,0.049,0.044,0.047,0.049,0.063,0.058,0.051,0.058,0.061,0.078,0.109,0.088,0.075,0.097,0.089,0.093,0.130,0.113,0.096,0.123,0.114,0.103,,,,,
,0,1,Act_Iron,0.000,0.000,0.000,0.000,0.000,0.000,0.000,0.000,0.000,0.000,0.000,0.000,0.000,0.000,0.000,0.000,0.000,0.000,0.000,0.000,0.000,0.000,0.000,0.000,0.000,0.000,0.000,0.000,0.000,0.000,0.000,0.000,0.000,0.000,0.003,0.002,0.002,0.005,0.007,0.009,0.010,0.007,0.005,0.007,0.007,0.006,0.009,0.007,0.005,0.003,0.004,0.007,0.008,0.011,0.011,0.012,0.016,0.018,0.014,0.014,0.015,0.017,0.023,0.029,0.026,0.030,0.035,0.033,0.034,0.031,0.032,0.031,0.025,0.025,0.020,0.017,0.020,0.017,0.018,0.018,0.022,0.026,0.032,0.033,0.037,0.043,0.045,0.043,0.045,0.040,0.037,0.034,0.032,0.027,0.028,0.023,0.023,0.021,0.024,0.022,0.023,0.024,0.016,0.017,0.019,0.014,0.013,0.012,0.010,0.011,0.011,0.014,0.015,0.013,0.014,0.013,0.015,0.013,0.016,0.014,0.016,0.016,0.015,0.012,0.013,0.012,0.009,0.009,0.011,0.007,0.006,0.005,0.003,0.003,0.002,0.001,0.003,0.004,0.005,0.007,0.006,0.003,0.002,0.001,,,,,
,0,1,Act_HouseClean,0.006,0.004,0.010,0.004,0.002,0.005,0.004,0.008,0.000,0.005,0.006,0.006,0.013,0.015,0.014,0.022,0.008,0.008,0.008,0.015,0.000,0.000,0.000,0.000,0.010,0.000,0.000,0.000,0.000,0.000,0.000,0.000,0.004,0.016,0.011,0.011,0.008,0.012,0.015,0.022,0.025,0.025,0.025,0.026,0.032,0.039,0.050,0.048,0.058,0.067,0.081,0.099,0.125,0.138,0.153,0.177,0.197,0.217,0.221,0.214,0.217,0.225,0.227,0.233,0.221,0.208,0.196,0.185,0.166,0.160,0.145,0.130,0.100,0.095,0.088,0.076,0.071,0.067,0.068,0.067,0.072,0.082,0.087,0.093,0.089,0.091,0.088,0.091,0.086,0.087,0.079,0.072,0.063,0.059,0.057,0.053,0.049,0.050,0.048,0.048,0.044,0.036,0.035,0.032,0.030,0.032,0.032,0.028,0.024,0.024,0.024,0.031,0.029,0.028,0.025,0.031,0.024,0.023,0.025,0.022,0.023,0.018,0.019,0.017,0.018,0.013,0.012,0.011,0.009,0.007,0.008,0.011,0.015,0.015,0.008,0.006,0.009,0.007,0.007,0.008,0.006,0.002,0.006,0.008,,,,,
,0,2,Act_TV,0.518,0.547,0.549,0.602,0.608,0.565,0.419,0.425,0.367,0.360,0.381,0.450,0.400,0.154,0.154,0.182,0.273,0.100,0.111,0.167,0.143,0.250,0.286,0.111,0.000,0.000,0.000,0.000,0.000,0.111,0.050,0.033,0.097,0.114,0.118,0.149,0.069,0.050,0.058,0.042,0.048,0.046,0.064,0.076,0.090,0.071,0.089,0.111,0.107,0.114,0.110,0.101,0.114,0.124,0.122,0.122,0.137,0.165,0.163,0.170,0.162,0.188,0.200,0.211,0.226,0.214,0.181,0.181,0.192,0.202,0.193,0.189,0.166,0.175,0.171,0.203,0.199,0.211,0.238,0.249,0.253,0.269,0.287,0.264,0.261,0.270,0.275,0.282,0.305,0.300,0.259,0.293,0.297,0.329,0.346,0.331,0.339,0.337,0.350,0.376,0.375,0.368,0.336,0.319,0.327,0.324,0.341,0.349,0.370,0.380,0.400,0.399,0.417,0.438,0.499,0.524,0.555,0.604,0.629,0.637,0.645,0.661,0.688,0.698,0.707,0.707,0.710,0.731,0.759,0.762,0.769,0.755,0.680,0.694,0.699,0.681,0.692,0.666,0.599,0.581,0.617,0.559,0.548,0.573,,,,,
,0,2,Act_Cooking,0.051,0.061,0.074,0.051,0.051,0.065,0.047,0.075,0.067,0.000,0.000,0.050,0.067,0.077,0.000,0.091,0.091,0.100,0.000,0.000,0.286,0.125,0.143,0.000,0.200,0.000,0.000,0.300,0.375,0.222,0.000,0.300,0.258,0.229,0.147,0.298,0.255,0.200,0.249,0.305,0.241,0.259,0.215,0.275,0.239,0.242,0.248,0.233,0.258,0.204,0.208,0.209,0.205,0.188,0.220,0.189,0.178,0.175,0.185,0.141,0.141,0.128,0.117,0.140,0.139,0.102,0.137,0.149,0.138,0.169,0.195,0.212,0.265,0.281,0.259,0.261,0.288,0.286,0.248,0.193,0.191,0.213,0.206,0.186,0.206,0.178,0.164,0.161,0.160,0.148,0.189,0.160,0.160,0.173,0.207,0.194,0.265,0.262,0.279,0.281,0.302,0.337,0.361,0.369,0.358,0.355,0.351,0.322,0.300,0.287,0.261,0.263,0.256,0.248,0.207,0.193,0.175,0.143,0.119,0.112,0.108,0.097,0.086,0.082,0.085,0.094,0.087,0.072,0.062,0.062,0.067,0.061,0.084,0.065,0.057,0.053,0.058,0.047,0.059,0.052,0.055,0.059,0.059,0.056,,,,,
,0,2,Act_Laundry,0.005,0.000,0.008,0.010,0.013,0.016,0.023,0.000,0.000,0.000,0.000,0.000,0.000,0.000,0.000,0.000,0.000,0.000,0.000,0.000,0.000,0.000,0.000,0.000,0.000,0.000,0.000,0.000,0.000,0.000,0.000,0.000,0.000,0.000,0.000,0.021,0.000,0.000,0.006,0.004,0.006,0.011,0.005,0.009,0.009,0.013,0.016,0.020,0.026,0.020,0.023,0.034,0.042,0.061,0.042,0.040,0.055,0.053,0.052,0.055,0.057,0.057,0.066,0.064,0.072,0.070,0.064,0.063,0.061,0.059,0.061,0.062,0.041,0.038,0.038,0.034,0.037,0.029,0.023,0.023,0.030,0.028,0.037,0.027,0.029,0.037,0.050,0.043,0.032,0.028,0.028,0.025,0.025,0.025,0.027,0.032,0.031,0.031,0.022,0.029,0.024,0.018,0.008,0.010,0.012,0.013,0.014,0.013,0.012,0.016,0.011,0.016,0.012,0.008,0.010,0.006,0.009,0.008,0.011,0.007,0.006,0.006,0.005,0.007,0.005,0.008,0.005,0.005,0.010,0.009,0.003,0.003,0.007,0.006,0.006,0.004,0.004,0.001,0.004,0.003,0.002,0.007,0.006,0.000,,,,,
,0,2,Act_WashDress,0.215,0.182,0.221,0.255,0.165,0.177,0.256,0.200,0.233,0.200,0.286,0.250,0.133,0.077,0.077,0.182,0.091,0.100,0.222,0.000,0.000,0.125,0.143,0.333,0.600,0.400,0.286,0.300,0.125,0.222,0.550,0.467,0.387,0.457,0.500,0.532,0.598,0.593,0.566,0.533,0.547,0.576,0.592,0.537,0.552,0.543,0.487,0.487,0.467,0.456,0.460,0.417,0.364,0.322,0.334,0.333,0.288,0.268,0.247,0.222,0.251,0.226,0.191,0.162,0.153,0.122,0.127,0.122,0.118,0.113,0.111,0.090,0.072,0.067,0.068,0.077,0.071,0.053,0.054,0.051,0.038,0.036,0.048,0.048,0.050,0.052,0.048,0.035,0.035,0.028,0.053,0.039,0.058,0.062,0.065,0.061,0.058,0.060,0.064,0.055,0.053,0.047,0.066,0.070,0.068,0.062,0.067,0.079,0.085,0.091,0.090,0.098,0.105,0.097,0.103,0.108,0.097,0.091,0.083,0.078,0.082,0.083,0.078,0.088,0.091,0.098,0.108,0.097,0.085,0.086,0.088,0.111,0.186,0.155,0.161,0.172,0.173,0.170,0.213,0.178,0.134,0.191,0.160,0.164,,,,,
,0,2,Act_Iron,0.005,0.007,0.000,0.000,0.000,0.000,0.000,0.000,0.000,0.000,0.000,0.000,0.000,0.000,0.000,0.000,0.000,0.000,0.000,0.000,0.000,0.000,0.000,0.000,0.000,0.000,0.000,0.000,0.000,0.000,0.000,0.000,0.000,0.000,0.000,0.000,0.029,0.007,0.000,0.008,0.010,0.003,0.005,0.007,0.007,0.008,0.009,0.008,0.004,0.004,0.005,0.002,0.003,0.005,0.006,0.006,0.008,0.015,0.020,0.031,0.034,0.035,0.043,0.042,0.038,0.044,0.050,0.059,0.055,0.048,0.043,0.032,0.026,0.022,0.017,0.017,0.012,0.012,0.019,0.022,0.027,0.031,0.034,0.038,0.033,0.039,0.039,0.043,0.054,0.061,0.050,0.051,0.053,0.048,0.047,0.044,0.034,0.035,0.037,0.029,0.029,0.024,0.019,0.018,0.016,0.012,0.014,0.012,0.010,0.014,0.017,0.018,0.018,0.019,0.020,0.024,0.024,0.025,0.027,0.026,0.026,0.025,0.026,0.021,0.018,0.019,0.016,0.016,0.015,0.015,0.011,0.014,0.012,0.011,0.012,0.009,0.008,0.007,0.003,0.002,0.004,0.005,0.006,0.010,,,,,
,0,2,Act_HouseClean,0.026,0.014,0.008,0.020,0.000,0.000,0.000,0.000,0.000,0.000,0.000,0.000,0.000,0.000,0.000,0.000,0.000,0.000,0.000,0.000,0.000,0.000,0.000,0.000,0.000,0.200,0.143,0.100,0.125,0.000,0.000,0.000,0.032,0.029,0.088,0.064,0.029,0.029,0.035,0.031,0.026,0.038,0.033,0.039,0.058,0.049,0.065,0.070,0.059,0.092,0.115,0.128,0.155,0.186,0.208,0.211,0.209,0.238,0.272,0.270,0.265,0.269,0.278,0.264,0.256,0.266,0.239,0.220,0.218,0.206,0.186,0.190,0.133,0.115,0.095,0.092,0.078,0.074,0.063,0.068,0.073,0.094,0.090,0.096,0.095,0.096,0.100,0.106,0.104,0.096,0.079,0.085,0.076,0.068,0.059,0.053,0.048,0.053,0.051,0.051,0.045,0.032,0.037,0.042,0.044,0.038,0.035,0.030,0.037,0.038,0.047,0.037,0.040,0.039,0.025,0.028,0.028,0.022,0.028,0.024,0.027,0.031,0.029,0.024,0.025,0.020,0.026,0.020,0.016,0.020,0.021,0.018,0.012,0.015,0.010,0.022,0.017,0.013,0.013,0.020,0.014,0.017,0.025,0.028,,,,,
,0,3,Act_TV,0.905,0.824,0.692,0.700,0.833,0.714,0.000,0.000,0.000,0.000,0.000,0.000,0.000,0.000,0.000,0.000,0.000,0.000,0.000,0.000,1.000,0.000,0.000,0.000,0.000,0.000,0.000,0.000,0.000,0.000,0.000,0.000,0.000,0.000,0.000,0.000,0.000,0.000,0.000,0.000,0.034,0.154,0.063,0.117,0.179,0.167,0.176,0.240,0.210,0.227,0.239,0.286,0.333,0.383,0.347,0.362,0.421,0.433,0.500,0.500,0.457,0.373,0.345,0.392,0.380,0.423,0.327,0.333,0.367,0.364,0.364,0.400,0.304,0.411,0.429,0.470,0.387,0.339,0.442,0.393,0.532,0.478,0.408,0.396,0.263,0.325,0.439,0.474,0.463,0.568,0.500,0.462,0.472,0.560,0.527,0.500,0.514,0.508,0.554,0.549,0.558,0.522,0.485,0.488,0.519,0.527,0.546,0.562,0.538,0.549,0.566,0.532,0.578,0.593,0.650,0.687,0.701,0.736,0.759,0.768,0.792,0.813,0.807,0.790,0.789,0.815,0.820,0.802,0.841,0.860,0.848,0.823,0.821,0.831,0.773,0.770,0.795,0.821,0.824,0.790,0.811,0.860,0.875,0.792,,,,,
,0,3,Act_Cooking,0.048,0.059,0.000,0.000,0.167,0.143,0.000,0.000,0.000,0.000,0.000,0.000,0.000,0.000,0.000,0.000,0.000,0.000,0.000,0.000,0.000,0.000,0.000,0.000,0.000,0.000,0.000,0.000,0.000,0.000,0.000,0.000,0.000,0.000,0.000,0.500,0.333,0.143,0.308,0.294,0.345,0.308,0.238,0.292,0.283,0.296,0.335,0.276,0.260,0.266,0.213,0.176,0.303,0.277,0.306,0.190,0.211,0.217,0.212,0.173,0.130,0.118,0.155,0.098,0.220,0.192,0.164,0.185,0.204,0.200,0.182,0.220,0.250,0.196,0.254,0.318,0.306,0.214,0.327,0.268,0.255,0.196,0.204,0.271,0.237,0.200,0.098,0.132,0.146,0.216,0.159,0.192,0.264,0.308,0.259,0.290,0.370,0.302,0.362,0.387,0.389,0.441,0.452,0.412,0.416,0.387,0.383,0.364,0.355,0.327,0.288,0.287,0.279,0.248,0.226,0.223,0.186,0.174,0.140,0.120,0.111,0.103,0.101,0.082,0.085,0.101,0.118,0.110,0.094,0.080,0.076,0.087,0.077,0.059,0.085,0.115,0.068,0.067,0.049,0.086,0.075,0.093,0.031,0.042,,,,,
,0,3,Act_Laundry,0.000,0.000,0.000,0.000,0.000,0.000,0.000,0.000,0.000,0.000,0.000,0.000,0.000,0.000,0.000,0.000,0.000,0.000,0.000,0.000,0.000,0.000,0.000,0.000,0.000,0.000,0.000,0.000,0.000,0.000,0.000,0.000,0.000,0.000,0.000,0.000,0.000,0.000,0.000,0.000,0.034,0.000,0.016,0.026,0.043,0.026,0.026,0.040,0.018,0.059,0.026,0.044,0.045,0.021,0.061,0.052,0.123,0.100,0.115,0.115,0.022,0.059,0.034,0.098,0.060,0.058,0.091,0.056,0.082,0.091,0.036,0.040,0.089,0.054,0.063,0.045,0.016,0.054,0.058,0.054,0.021,0.022,0.041,0.083,0.053,0.025,0.024,0.053,0.073,0.054,0.000,0.019,0.028,0.022,0.071,0.043,0.021,0.034,0.017,0.025,0.013,0.016,0.037,0.023,0.032,0.023,0.014,0.021,0.018,0.013,0.010,0.014,0.019,0.015,0.019,0.012,0.005,0.014,0.019,0.022,0.008,0.020,0.022,0.012,0.012,0.018,0.019,0.008,0.013,0.009,0.009,0.000,0.000,0.000,0.005,0.011,0.000,0.022,0.010,0.000,0.000,0.000,0.000,0.000,,,,,
,0,3,Act_WashDress,0.238,0.176,0.077,0.100,0.000,0.286,1.000,1.000,0.000,0.000,0.000,0.000,0.000,0.000,0.000,0.000,0.000,0.000,0.000,0.000,0.000,0.000,0.000,0.000,1.000,1.000,0.000,0.000,0.000,0.000,0.000,0.000,0.000,0.000,0.667,0.750,1.000,0.857,0.769,0.824,0.862,0.795,0.865,0.773,0.772,0.717,0.709,0.716,0.689,0.700,0.594,0.626,0.439,0.468,0.510,0.500,0.474,0.533,0.423,0.385,0.522,0.471,0.397,0.373,0.260,0.212,0.364,0.333,0.265,0.309,0.236,0.300,0.196,0.214,0.175,0.212,0.129,0.107,0.077,0.161,0.128,0.087,0.061,0.063,0.079,0.075,0.098,0.132,0.171,0.135,0.068,0.135,0.125,0.143,0.143,0.225,0.205,0.184,0.186,0.152,0.173,0.154,0.085,0.120,0.101,0.117,0.110,0.116,0.143,0.169,0.196,0.193,0.158,0.174,0.167,0.167,0.154,0.158,0.176,0.180,0.180,0.163,0.159,0.193,0.201,0.208,0.217,0.201,0.159,0.188,0.164,0.197,0.349,0.256,0.232,0.301,0.242,0.276,0.324,0.235,0.151,0.163,0.125,0.333,,,,,
,0,3,Act_Iron,0.000,0.000,0.000,0.000,0.000,0.000,0.000,0.000,0.000,0.000,0.000,0.000,0.000,0.000,0.000,0.000,0.000,0.000,0.000,0.000,0.000,0.000,0.000,0.000,0.000,0.000,0.000,0.000,0.000,0.000,0.000,0.000,0.000,0.000,0.000,0.000,0.000,0.143,0.077,0.000,0.000,0.026,0.024,0.026,0.016,0.021,0.018,0.004,0.018,0.010,0.019,0.000,0.015,0.043,0.020,0.017,0.018,0.017,0.000,0.019,0.022,0.020,0.017,0.000,0.020,0.019,0.018,0.056,0.020,0.055,0.055,0.040,0.018,0.018,0.032,0.030,0.032,0.036,0.038,0.036,0.021,0.043,0.020,0.000,0.026,0.025,0.049,0.053,0.049,0.000,0.023,0.038,0.028,0.044,0.027,0.043,0.027,0.022,0.028,0.039,0.035,0.024,0.015,0.013,0.010,0.014,0.020,0.011,0.020,0.030,0.030,0.028,0.027,0.030,0.034,0.041,0.039,0.038,0.039,0.041,0.035,0.032,0.039,0.037,0.041,0.043,0.035,0.027,0.030,0.030,0.027,0.027,0.017,0.014,0.019,0.011,0.000,0.007,0.010,0.012,0.000,0.000,0.000,0.000,,,,,
,0,3,Act_HouseClean,0.000,0.000,0.000,0.000,0.000,0.000,0.000,0.000,0.000,0.000,0.000,0.000,0.000,0.000,0.000,0.000,0.000,0.000,0.000,0.000,0.000,0.000,0.000,0.000,0.000,0.000,0.000,0.000,0.000,0.000,0.000,0.000,0.000,0.000,0.000,0.000,0.000,0.000,0.000,0.000,0.000,0.051,0.048,0.097,0.071,0.069,0.053,0.067,0.091,0.103,0.135,0.121,0.152,0.255,0.184,0.241,0.281,0.317,0.250,0.192,0.196,0.176,0.172,0.294,0.220,0.192,0.236,0.259,0.265,0.218,0.255,0.280,0.268,0.196,0.175,0.197,0.226,0.196,0.154,0.089,0.128,0.130,0.163,0.146,0.211,0.200,0.220,0.237,0.171,0.135,0.227,0.192,0.097,0.033,0.027,0.022,0.041,0.078,0.056,0.054,0.053,0.049,0.029,0.037,0.036,0.049,0.065,0.045,0.043,0.045,0.052,0.052,0.058,0.065,0.049,0.049,0.053,0.038,0.036,0.027,0.035,0.034,0.039,0.037,0.031,0.030,0.027,0.027,0.022,0.018,0.018,0.020,0.017,0.018,0.024,0.016,0.031,0.007,0.010,0.012,0.000,0.047,0.000,0.000,,,,,
,0,4,Act_TV,1.000,0.500,1.000,1.000,1.000,1.000,1.000,1.000,1.000,1.000,1.000,1.000,1.000,1.000,1.000,1.000,1.000,1.000,1.000,1.000,0.000,0.000,0.000,0.000,0.000,0.000,0.000,0.000,0.000,0.000,0.000,0.000,0.000,0.000,0.000,0.000,0.000,0.000,0.000,0.000,0.000,0.000,0.080,0.167,0.148,0.154,0.215,0.211,0.226,0.265,0.375,0.412,0.455,0.714,0.500,0.545,0.615,0.750,0.727,0.500,0.615,0.700,0.556,0.500,0.375,0.625,0.500,0.500,0.750,0.750,0.500,0.700,0.857,0.875,0.875,0.500,0.571,0.333,0.571,0.545,0.385,0.556,0.667,0.800,0.600,0.600,0.500,0.400,0.500,0.333,0.400,0.500,0.500,0.471,0.538,0.567,0.580,0.625,0.617,0.511,0.574,0.660,0.588,0.610,0.623,0.638,0.739,0.656,0.594,0.633,0.654,0.656,0.650,0.638,0.689,0.750,0.817,0.791,0.810,0.788,0.791,0.811,0.786,0.850,0.825,0.816,0.860,0.874,0.898,0.897,0.944,0.948,0.831,0.820,0.840,0.881,0.867,0.920,0.929,0.923,0.917,0.875,1.000,1.000,,,,,
,0,4,Act_Cooking,0.000,0.000,0.000,0.000,0.000,0.000,0.000,0.000,0.000,0.000,0.000,0.000,0.000,0.000,0.000,0.000,0.000,0.000,0.000,0.000,0.000,0.000,0.000,0.000,0.000,0.000,0.000,0.000,0.000,0.000,0.000,0.000,0.000,0.000,0.000,0.000,0.000,0.000,0.000,0.000,0.000,0.286,0.280,0.381,0.407,0.385,0.431,0.439,0.245,0.224,0.250,0.118,0.182,0.000,0.700,0.636,0.462,0.333,0.273,0.500,0.538,0.500,0.111,0.625,0.375,0.250,0.125,0.375,0.375,0.250,0.375,0.500,0.143,0.625,0.250,0.167,0.143,0.333,0.286,0.273,0.231,0.222,0.500,0.200,0.200,0.200,0.400,0.400,0.400,0.444,0.300,0.200,0.300,0.412,0.269,0.400,0.300,0.250,0.234,0.422,0.362,0.440,0.515,0.468,0.390,0.413,0.409,0.365,0.387,0.358,0.339,0.297,0.248,0.308,0.279,0.216,0.225,0.209,0.139,0.161,0.119,0.133,0.168,0.150,0.175,0.160,0.124,0.126,0.076,0.121,0.065,0.052,0.153,0.131,0.160,0.119,0.100,0.080,0.000,0.077,0.000,0.000,0.000,0.000,,,,,
,0,4,Act_Laundry,0.000,0.000,0.000,0.000,0.000,0.000,0.000,0.000,0.000,0.000,0.000,0.000,0.000,0.000,0.000,0.000,0.000,0.000,0.000,0.000,0.000,0.000,0.000,0.000,0.000,0.000,0.000,0.000,0.000,0.000,0.000,0.000,0.000,0.000,0.000,0.000,0.000,0.000,0.000,0.000,0.000,0.000,0.000,0.024,0.019,0.046,0.015,0.018,0.019,0.020,0.042,0.059,0.000,0.143,0.000,0.000,0.077,0.000,0.000,0.000,0.077,0.000,0.000,0.000,0.125,0.125,0.000,0.000,0.000,0.000,0.125,0.000,0.000,0.000,0.125,0.167,0.143,0.000,0.000,0.000,0.077,0.222,0.167,0.000,0.000,0.200,0.000,0.000,0.000,0.000,0.100,0.100,0.200,0.118,0.038,0.067,0.040,0.042,0.021,0.022,0.043,0.040,0.059,0.013,0.013,0.013,0.011,0.021,0.019,0.025,0.024,0.008,0.015,0.031,0.041,0.026,0.017,0.000,0.007,0.015,0.037,0.035,0.015,0.015,0.008,0.016,0.016,0.007,0.008,0.009,0.000,0.013,0.017,0.016,0.000,0.024,0.000,0.000,0.000,0.000,0.000,0.000,0.000,0.000,,,,,
,0,4,Act_WashDress,0.500,0.500,0.000,0.000,0.000,0.000,0.000,1.000,0.000,0.000,0.000,0.000,0.000,0.000,0.000,0.000,0.000,0.000,0.000,0.000,0.000,0.000,0.000,0.000,0.000,0.000,0.000,0.000,0.000,0.000,0.000,0.000,0.000,1.000,0.000,0.000,0.000,0.000,0.000,1.000,1.000,1.000,0.840,0.857,0.907,0.862,0.846,0.842,0.830,0.653,0.833,0.588,0.364,0.286,0.500,0.727,0.769,0.500,0.727,0.700,0.538,0.700,0.556,0.625,0.500,0.500,0.625,0.125,0.000,0.125,0.250,0.100,0.000,0.000,0.125,0.167,0.143,0.000,0.143,0.091,0.231,0.111,0.167,0.200,0.100,0.200,0.200,0.000,0.000,0.111,0.300,0.400,0.500,0.412,0.308,0.233,0.240,0.167,0.149,0.111,0.106,0.160,0.162,0.117,0.143,0.075,0.125,0.146,0.151,0.158,0.110,0.156,0.175,0.138,0.213,0.181,0.167,0.171,0.182,0.234,0.254,0.259,0.229,0.286,0.278,0.216,0.295,0.333,0.280,0.241,0.262,0.260,0.288,0.328,0.280,0.214,0.300,0.200,0.286,0.308,0.250,0.250,0.000,0.000,,,,,
,0,4,Act_Iron,0.000,0.000,0.000,0.000,0.000,0.000,0.000,0.000,0.000,0.000,0.000,0.000,0.000,0.000,0.000,0.000,0.000,0.000,0.000,0.000,0.000,0.000,0.000,0.000,0.000,0.000,0.000,0.000,0.000,0.000,0.000,0.000,0.000,0.000,0.000,0.000,0.000,0.000,0.000,0.250,0.000,0.000,0.000,0.000,0.037,0.031,0.015,0.018,0.000,0.000,0.000,0.000,0.000,0.000,0.000,0.000,0.077,0.000,0.000,0.000,0.000,0.000,0.111,0.125,0.250,0.250,0.250,0.000,0.000,0.000,0.000,0.000,0.000,0.000,0.000,0.000,0.000,0.000,0.000,0.000,0.000,0.000,0.000,0.000,0.000,0.000,0.000,0.100,0.100,0.111,0.100,0.000,0.000,0.000,0.000,0.000,0.020,0.021,0.021,0.022,0.021,0.020,0.044,0.052,0.026,0.025,0.023,0.031,0.028,0.017,0.016,0.039,0.029,0.000,0.025,0.034,0.025,0.039,0.036,0.036,0.037,0.049,0.023,0.030,0.040,0.032,0.031,0.030,0.042,0.052,0.028,0.026,0.000,0.000,0.020,0.000,0.000,0.000,0.000,0.000,0.000,0.000,0.000,0.000,,,,,
,0,4,Act_HouseClean,0.000,0.000,0.000,0.000,0.000,0.000,0.000,0.000,0.000,0.000,0.000,0.000,0.000,0.000,0.000,0.000,0.000,0.000,0.000,0.000,0.000,0.000,0.000,0.000,0.000,0.000,0.000,0.000,0.000,0.000,0.000,0.000,0.000,0.000,0.000,0.000,0.000,0.000,0.000,0.000,0.250,0.000,0.080,0.119,0.093,0.092,0.092,0.105,0.208,0.184,0.167,0.118,0.273,0.143,0.000,0.182,0.154,0.167,0.273,0.200,0.231,0.300,0.333,0.125,0.125,0.125,0.125,0.125,0.250,0.250,0.000,0.200,0.286,0.125,0.000,0.000,0.000,0.000,0.286,0.273,0.308,0.222,0.167,0.400,0.200,0.200,0.200,0.100,0.100,0.111,0.200,0.000,0.100,0.176,0.154,0.167,0.060,0.042,0.064,0.133,0.106,0.120,0.029,0.052,0.078,0.063,0.068,0.063,0.066,0.067,0.087,0.086,0.073,0.085,0.041,0.043,0.033,0.031,0.029,0.022,0.015,0.042,0.053,0.060,0.040,0.040,0.070,0.037,0.059,0.034,0.028,0.013,0.017,0.033,0.020,0.024,0.067,0.080,0.000,0.000,0.000,0.000,0.000,0.000,,,,,
,0,5,Act_TV,1.000,1.000,1.000,1.000,1.000,0.000,0.000,0.000,0.000,0.000,0.000,0.000,0.000,0.000,0.000,0.000,0.000,0.000,0.000,0.000,0.000,0.000,0.000,0.000,0.000,0.000,0.000,0.000,0.000,0.000,0.000,0.000,0.000,0.000,0.000,0.000,0.000,0.000,0.000,0.000,0.000,0.000,0.000,0.000,0.000,0.286,0.167,0.333,0.273,0.500,0.500,0.000,0.000,0.000,1.000,1.000,1.000,0.000,1.000,1.000,1.000,0.667,0.500,0.667,0.750,0.500,0.500,0.500,0.500,0.500,0.750,0.333,0.667,0.667,0.667,0.750,0.750,0.750,0.750,0.500,0.500,0.500,1.000,1.000,0.500,1.000,1.000,0.750,0.667,0.500,1.000,1.000,0.000,0.333,0.000,0.500,0.600,0.571,0.875,0.692,0.722,0.588,0.647,0.632,0.696,0.773,0.652,0.682,0.565,0.591,0.720,0.560,0.714,0.739,0.682,0.727,0.895,0.889,0.842,0.842,0.762,0.739,0.833,0.852,0.897,0.952,0.950,0.889,0.882,0.824,0.917,0.909,0.750,0.818,1.000,1.000,1.000,0.833,1.000,1.000,1.000,1.000,1.000,1.000,,,,,
,0,5,Act_Cooking,0.333,1.000,1.000,1.000,1.000,0.000,0.000,0.000,0.000,0.000,0.000,0.000,0.000,0.000,0.000,0.000,0.000,0.000,0.000,0.000,0.000,0.000,0.000,0.000,0.000,0.000,0.000,0.000,0.000,0.000,0.000,0.000,0.000,0.000,0.000,0.000,0.000,0.000,0.000,0.000,0.000,1.000,0.429,0.167,0.500,0.786,0.750,0.167,0.364,0.167,0.000,0.000,0.000,0.000,0.500,0.500,0.000,0.000,0.000,1.000,0.000,0.333,0.250,0.333,0.250,0.250,0.250,0.000,0.000,0.000,0.000,0.000,0.000,0.000,0.000,0.000,0.000,0.250,0.500,0.500,0.500,0.500,0.000,0.000,0.500,0.000,0.000,0.750,0.667,0.250,1.000,0.500,0.500,0.333,1.000,0.500,0.400,0.286,0.000,0.462,0.444,0.412,0.294,0.421,0.348,0.318,0.478,0.409,0.304,0.318,0.480,0.480,0.500,0.435,0.273,0.273,0.316,0.278,0.263,0.211,0.333,0.348,0.292,0.111,0.069,0.190,0.100,0.111,0.059,0.176,0.083,0.091,0.167,0.091,0.111,0.000,0.167,0.000,0.000,0.000,0.000,0.333,0.333,0.333,,,,,
,0,5,Act_Laundry,0.000,0.000,0.000,0.000,0.000,0.000,0.000,0.000,0.000,0.000,0.000,0.000,0.000,0.000,0.000,0.000,0.000,0.000,0.000,0.000,0.000,0.000,0.000,0.000,0.000,0.000,0.000,0.000,0.000,0.000,0.000,0.000,0.000,0.000,0.000,0.000,0.000,0.000,0.000,0.000,0.000,0.000,0.000,0.167,0.000,0.000,0.000,0.000,0.091,0.167,0.000,0.000,0.000,0.000,0.000,0.000,0.000,0.000,0.000,0.000,0.000,0.000,0.000,0.000,0.000,0.000,0.250,0.000,0.250,0.000,0.000,0.000,0.000,0.333,0.333,0.000,0.000,0.000,0.000,0.000,0.000,0.000,0.000,0.000,0.000,0.000,0.000,0.000,0.000,0.000,0.000,0.500,0.000,0.000,0.000,0.000,0.000,0.143,0.000,0.000,0.000,0.000,0.000,0.000,0.000,0.000,0.000,0.000,0.043,0.000,0.000,0.000,0.000,0.000,0.000,0.000,0.000,0.000,0.000,0.000,0.000,0.000,0.000,0.037,0.000,0.000,0.000,0.000,0.000,0.000,0.000,0.000,0.000,0.000,0.000,0.000,0.000,0.000,0.000,0.000,0.000,0.000,0.000,0.000,,,,,
,0,5,Act_WashDress,0.333,0.000,0.000,0.000,1.000,0.000,0.000,0.000,0.000,0.000,0.000,0.000,0.000,0.000,0.000,0.000,0.000,0.000,0.000,0.000,0.000,0.000,0.000,0.000,0.000,0.000,0.000,0.000,0.000,0.000,0.000,0.000,0.000,0.000,0.000,0.000,0.000,0.000,0.000,0.000,1.000,1.000,0.857,1.000,0.875,0.929,0.833,1.000,0.818,0.833,1.000,0.000,0.000,0.000,0.500,0.000,0.000,0.000,1.000,1.000,0.000,0.333,0.750,0.667,0.500,0.750,0.250,0.500,0.500,0.250,0.500,0.333,0.000,0.333,0.333,0.250,0.000,0.000,0.000,0.000,0.000,0.000,0.000,0.000,0.500,0.500,0.500,0.500,0.333,0.250,0.000,0.000,0.500,0.333,0.000,0.250,0.000,0.000,0.250,0.077,0.167,0.176,0.176,0.105,0.000,0.182,0.261,0.273,0.261,0.091,0.160,0.160,0.107,0.043,0.364,0.091,0.158,0.056,0.105,0.053,0.143,0.130,0.292,0.259,0.448,0.286,0.500,0.333,0.412,0.235,0.167,0.364,0.333,0.273,0.222,0.250,0.333,0.333,0.000,0.000,0.333,0.000,0.333,0.000,,,,,
,0,5,Act_Iron,0.000,0.000,0.000,0.000,0.000,0.000,0.000,0.000,0.000,0.000,0.000,0.000,0.000,0.000,0.000,0.000,0.000,0.000,0.000,0.000,0.000,0.000,0.000,0.000,0.000,0.000,0.000,0.000,0.000,0.000,0.000,0.000,0.000,0.000,0.000,0.000,0.000,0.000,0.000,0.000,1.000,0.500,0.143,0.000,0.125,0.000,0.000,0.000,0.000,0.000,0.250,0.000,0.000,0.000,0.000,0.000,0.000,0.000,0.000,0.000,0.000,0.000,0.000,0.000,0.000,0.000,0.000,0.000,0.000,0.000,0.000,0.000,0.000,0.000,0.000,0.000,0.000,0.000,0.000,0.000,0.000,0.000,0.000,0.000,0.000,0.000,0.000,0.000,0.000,0.250,0.000,0.000,0.000,0.000,0.000,0.000,0.000,0.000,0.000,0.000,0.056,0.059,0.059,0.000,0.000,0.045,0.000,0.000,0.000,0.045,0.040,0.000,0.000,0.000,0.000,0.000,0.000,0.000,0.000,0.000,0.000,0.000,0.042,0.037,0.034,0.000,0.050,0.111,0.176,0.176,0.083,0.000,0.083,0.091,0.000,0.000,0.000,0.000,0.000,0.000,0.000,0.000,0.000,0.000,,,,,
,0,5,Act_HouseClean,0.000,0.000,0.000,0.000,0.000,0.000,0.000,0.000,0.000,0.000,0.000,0.000,0.000,0.000,0.000,0.000,0.000,0.000,0.000,0.000,0.000,0.000,0.000,0.000,0.000,0.000,0.000,0.000,0.000,0.000,0.000,0.000,0.000,0.000,0.000,0.000,0.000,0.000,0.000,0.000,0.000,0.000,0.143,0.167,0.125,0.000,0.083,0.500,0.182,0.167,0.250,0.000,0.000,0.000,0.000,0.000,0.000,0.000,0.000,0.000,1.000,0.667,0.750,0.667,1.000,1.000,0.500,0.750,0.750,0.750,0.500,0.667,0.667,0.667,1.000,0.750,0.750,0.750,0.250,0.500,0.500,0.500,0.500,0.500,0.000,0.000,0.000,0.250,0.333,0.250,0.000,0.000,0.500,0.000,0.000,0.000,0.000,0.000,0.125,0.000,0.111,0.118,0.118,0.105,0.087,0.136,0.043,0.182,0.087,0.045,0.120,0.240,0.179,0.174,0.091,0.000,0.053,0.000,0.000,0.000,0.048,0.043,0.042,0.074,0.069,0.000,0.000,0.000,0.000,0.000,0.000,0.091,0.167,0.182,0.222,0.000,0.000,0.167,0.250,0.250,0.333,0.333,0.000,0.000,,,,,
,1,0,Act_TV,0.000,0.000,0.000,0.000,0.000,0.000,0.000,0.000,0.000,0.000,0.000,0.000,0.000,0.000,0.000,0.000,0.000,0.000,0.000,0.000,0.000,0.000,0.000,0.000,0.000,0.000,0.000,0.000,0.000,0.000,0.000,0.000,0.000,0.000,0.000,0.000,0.000,0.000,0.000,0.000,0.000,0.000,0.000,0.000,0.000,0.000,0.000,0.000,0.000,0.000,0.000,0.000,0.000,0.000,0.000,0.000,0.000,0.000,0.000,0.000,0.000,0.000,0.000,0.000,0.000,0.000,0.000,0.000,0.000,0.000,0.000,0.000,0.000,0.000,0.000,0.000,0.000,0.000,0.000,0.000,0.000,0.000,0.000,0.000,0.000,0.000,0.000,0.000,0.000,0.000,0.000,0.000,0.000,0.000,0.000,0.000,0.000,0.000,0.000,0.000,0.000,0.000,0.000,0.000,0.000,0.000,0.000,0.000,0.000,0.000,0.000,0.000,0.000,0.000,0.000,0.000,0.000,0.000,0.000,0.000,0.000,0.000,0.000,0.000,0.000,0.000,0.000,0.000,0.000,0.000,0.000,0.000,0.000,0.000,0.000,0.000,0.000,0.000,0.000,0.000,0.000,0.000,0.000,0.000,,,,,
,1,0,Act_Cooking,0.000,0.000,0.000,0.000,0.000,0.000,0.000,0.000,0.000,0.000,0.000,0.000,0.000,0.000,0.000,0.000,0.000,0.000,0.000,0.000,0.000,0.000,0.000,0.000,0.000,0.000,0.000,0.000,0.000,0.000,0.000,0.000,0.000,0.000,0.000,0.000,0.000,0.000,0.000,0.000,0.000,0.000,0.000,0.000,0.000,0.000,0.000,0.000,0.000,0.000,0.000,0.000,0.000,0.000,0.000,0.000,0.000,0.000,0.000,0.000,0.000,0.000,0.000,0.000,0.000,0.000,0.000,0.000,0.000,0.000,0.000,0.000,0.000,0.000,0.000,0.000,0.000,0.000,0.000,0.000,0.000,0.000,0.000,0.000,0.000,0.000,0.000,0.000,0.000,0.000,0.000,0.000,0.000,0.000,0.000,0.000,0.000,0.000,0.000,0.000,0.000,0.000,0.000,0.000,0.000,0.000,0.000,0.000,0.000,0.000,0.000,0.000,0.000,0.000,0.000,0.000,0.000,0.000,0.000,0.000,0.000,0.000,0.000,0.000,0.000,0.000,0.000,0.000,0.000,0.000,0.000,0.000,0.000,0.000,0.000,0.000,0.000,0.000,0.000,0.000,0.000,0.000,0.000,0.000,,,,,
,1,0,Act_Laundry,0.000,0.000,0.000,0.000,0.000,0.000,0.000,0.000,0.000,0.000,0.000,0.000,0.000,0.000,0.000,0.000,0.000,0.000,0.000,0.000,0.000,0.000,0.000,0.000,0.000,0.000,0.000,0.000,0.000,0.000,0.000,0.000,0.000,0.000,0.000,0.000,0.000,0.000,0.000,0.000,0.000,0.000,0.000,0.000,0.000,0.000,0.000,0.000,0.000,0.000,0.000,0.000,0.000,0.000,0.000,0.000,0.000,0.000,0.000,0.000,0.000,0.000,0.000,0.000,0.000,0.000,0.000,0.000,0.000,0.000,0.000,0.000,0.000,0.000,0.000,0.000,0.000,0.000,0.000,0.000,0.000,0.000,0.000,0.000,0.000,0.000,0.000,0.000,0.000,0.000,0.000,0.000,0.000,0.000,0.000,0.000,0.000,0.000,0.000,0.000,0.000,0.000,0.000,0.000,0.000,0.000,0.000,0.000,0.000,0.000,0.000,0.000,0.000,0.000,0.000,0.000,0.000,0.000,0.000,0.000,0.000,0.000,0.000,0.000,0.000,0.000,0.000,0.000,0.000,0.000,0.000,0.000,0.000,0.000,0.000,0.000,0.000,0.000,0.000,0.000,0.000,0.000,0.000,0.000,,,,,
,1,0,Act_WashDress,0.000,0.000,0.000,0.000,0.000,0.000,0.000,0.000,0.000,0.000,0.000,0.000,0.000,0.000,0.000,0.000,0.000,0.000,0.000,0.000,0.000,0.000,0.000,0.000,0.000,0.000,0.000,0.000,0.000,0.000,0.000,0.000,0.000,0.000,0.000,0.000,0.000,0.000,0.000,0.000,0.000,0.000,0.000,0.000,0.000,0.000,0.000,0.000,0.000,0.000,0.000,0.000,0.000,0.000,0.000,0.000,0.000,0.000,0.000,0.000,0.000,0.000,0.000,0.000,0.000,0.000,0.000,0.000,0.000,0.000,0.000,0.000,0.000,0.000,0.000,0.000,0.000,0.000,0.000,0.000,0.000,0.000,0.000,0.000,0.000,0.000,0.000,0.000,0.000,0.000,0.000,0.000,0.000,0.000,0.000,0.000,0.000,0.000,0.000,0.000,0.000,0.000,0.000,0.000,0.000,0.000,0.000,0.000,0.000,0.000,0.000,0.000,0.000,0.000,0.000,0.000,0.000,0.000,0.000,0.000,0.000,0.000,0.000,0.000,0.000,0.000,0.000,0.000,0.000,0.000,0.000,0.000,0.000,0.000,0.000,0.000,0.000,0.000,0.000,0.000,0.000,0.000,0.000,0.000,,,,,
,1,0,Act_Iron,0.000,0.000,0.000,0.000,0.000,0.000,0.000,0.000,0.000,0.000,0.000,0.000,0.000,0.000,0.000,0.000,0.000,0.000,0.000,0.000,0.000,0.000,0.000,0.000,0.000,0.000,0.000,0.000,0.000,0.000,0.000,0.000,0.000,0.000,0.000,0.000,0.000,0.000,0.000,0.000,0.000,0.000,0.000,0.000,0.000,0.000,0.000,0.000,0.000,0.000,0.000,0.000,0.000,0.000,0.000,0.000,0.000,0.000,0.000,0.000,0.000,0.000,0.000,0.000,0.000,0.000,0.000,0.000,0.000,0.000,0.000,0.000,0.000,0.000,0.000,0.000,0.000,0.000,0.000,0.000,0.000,0.000,0.000,0.000,0.000,0.000,0.000,0.000,0.000,0.000,0.000,0.000,0.000,0.000,0.000,0.000,0.000,0.000,0.000,0.000,0.000,0.000,0.000,0.000,0.000,0.000,0.000,0.000,0.000,0.000,0.000,0.000,0.000,0.000,0.000,0.000,0.000,0.000,0.000,0.000,0.000,0.000,0.000,0.000,0.000,0.000,0.000,0.000,0.000,0.000,0.000,0.000,0.000,0.000,0.000,0.000,0.000,0.000,0.000,0.000,0.000,0.000,0.000,0.000,,,,,
,1,0,Act_HouseClean,0.000,0.000,0.000,0.000,0.000,0.000,0.000,0.000,0.000,0.000,0.000,0.000,0.000,0.000,0.000,0.000,0.000,0.000,0.000,0.000,0.000,0.000,0.000,0.000,0.000,0.000,0.000,0.000,0.000,0.000,0.000,0.000,0.000,0.000,0.000,0.000,0.000,0.000,0.000,0.000,0.000,0.000,0.000,0.000,0.000,0.000,0.000,0.000,0.000,0.000,0.000,0.000,0.000,0.000,0.000,0.000,0.000,0.000,0.000,0.000,0.000,0.000,0.000,0.000,0.000,0.000,0.000,0.000,0.000,0.000,0.000,0.000,0.000,0.000,0.000,0.000,0.000,0.000,0.000,0.000,0.000,0.000,0.000,0.000,0.000,0.000,0.000,0.000,0.000,0.000,0.000,0.000,0.000,0.000,0.000,0.000,0.000,0.000,0.000,0.000,0.000,0.000,0.000,0.000,0.000,0.000,0.000,0.000,0.000,0.000,0.000,0.000,0.000,0.000,0.000,0.000,0.000,0.000,0.000,0.000,0.000,0.000,0.000,0.000,0.000,0.000,0.000,0.000,0.000,0.000,0.000,0.000,0.000,0.000,0.000,0.000,0.000,0.000,0.000,0.000,0.000,0.000,0.000,0.000,,,,,
,1,1,Act_TV,0.347,0.362,0.356,0.340,0.353,0.350,0.280,0.309,0.317,0.295,0.276,0.249,0.214,0.196,0.199,0.205,0.199,0.180,0.164,0.175,0.193,0.155,0.133,0.111,0.181,0.167,0.159,0.140,0.127,0.097,0.038,0.043,0.067,0.078,0.070,0.071,0.053,0.057,0.057,0.065,0.073,0.062,0.058,0.064,0.081,0.071,0.084,0.077,0.066,0.075,0.076,0.067,0.077,0.069,0.070,0.076,0.085,0.089,0.094,0.089,0.082,0.090,0.094,0.100,0.100,0.097,0.100,0.098,0.106,0.112,0.115,0.118,0.111,0.109,0.113,0.109,0.117,0.130,0.145,0.153,0.161,0.161,0.180,0.177,0.202,0.217,0.231,0.236,0.242,0.249,0.243,0.248,0.247,0.256,0.264,0.262,0.225,0.230,0.237,0.232,0.242,0.231,0.222,0.232,0.242,0.243,0.256,0.255,0.255,0.277,0.290,0.309,0.320,0.318,0.367,0.385,0.420,0.452,0.467,0.477,0.481,0.510,0.533,0.541,0.562,0.566,0.557,0.561,0.571,0.568,0.580,0.563,0.484,0.497,0.498,0.478,0.474,0.459,0.427,0.418,0.417,0.378,0.389,0.374,,,,,
,1,1,Act_Cooking,0.020,0.019,0.013,0.016,0.009,0.010,0.029,0.013,0.014,0.023,0.017,0.036,0.015,0.032,0.017,0.030,0.012,0.020,0.057,0.048,0.028,0.018,0.035,0.028,0.108,0.083,0.093,0.096,0.059,0.090,0.134,0.114,0.097,0.123,0.079,0.094,0.139,0.142,0.126,0.121,0.115,0.159,0.136,0.120,0.104,0.140,0.155,0.148,0.168,0.152,0.141,0.148,0.152,0.148,0.151,0.157,0.131,0.137,0.122,0.134,0.125,0.098,0.102,0.096,0.102,0.101,0.126,0.110,0.104,0.127,0.134,0.149,0.177,0.180,0.189,0.181,0.182,0.174,0.187,0.153,0.145,0.146,0.136,0.134,0.125,0.111,0.098,0.094,0.088,0.077,0.086,0.087,0.081,0.086,0.082,0.100,0.153,0.137,0.127,0.147,0.147,0.166,0.186,0.185,0.196,0.192,0.189,0.176,0.185,0.178,0.156,0.142,0.133,0.124,0.113,0.100,0.089,0.077,0.069,0.067,0.061,0.061,0.054,0.052,0.046,0.045,0.044,0.043,0.038,0.038,0.036,0.037,0.055,0.038,0.029,0.026,0.029,0.026,0.029,0.022,0.023,0.026,0.025,0.026,,,,,
,1,1,Act_Laundry,0.000,0.001,0.001,0.003,0.002,0.000,0.000,0.003,0.000,0.000,0.004,0.005,0.005,0.000,0.000,0.000,0.000,0.000,0.000,0.008,0.000,0.000,0.000,0.000,0.000,0.000,0.000,0.000,0.000,0.000,0.000,0.005,0.000,0.009,0.005,0.016,0.011,0.010,0.009,0.011,0.014,0.004,0.012,0.015,0.016,0.014,0.017,0.020,0.011,0.014,0.015,0.017,0.020,0.024,0.025,0.025,0.031,0.034,0.028,0.025,0.030,0.032,0.027,0.039,0.040,0.032,0.038,0.035,0.038,0.033,0.031,0.033,0.036,0.035,0.026,0.026,0.020,0.018,0.019,0.014,0.021,0.020,0.016,0.016,0.017,0.018,0.018,0.017,0.021,0.018,0.018,0.013,0.009,0.011,0.011,0.011,0.017,0.016,0.017,0.015,0.012,0.009,0.014,0.007,0.008,0.011,0.009,0.006,0.005,0.007,0.006,0.005,0.004,0.005,0.007,0.005,0.003,0.008,0.007,0.006,0.007,0.006,0.005,0.004,0.005,0.005,0.004,0.003,0.004,0.003,0.004,0.004,0.001,0.002,0.003,0.002,0.001,0.001,0.003,0.000,0.001,0.000,0.002,0.001,,,,,
,1,1,Act_WashDress,0.108,0.100,0.104,0.096,0.091,0.091,0.145,0.130,0.095,0.115,0.125,0.118,0.138,0.106,0.131,0.102,0.081,0.113,0.114,0.135,0.101,0.091,0.168,0.194,0.193,0.198,0.121,0.167,0.203,0.248,0.301,0.276,0.256,0.251,0.228,0.259,0.299,0.267,0.221,0.266,0.265,0.276,0.330,0.304,0.294,0.288,0.235,0.256,0.270,0.234,0.222,0.235,0.218,0.217,0.218,0.178,0.167,0.150,0.134,0.141,0.146,0.135,0.117,0.106,0.096,0.092,0.088,0.082,0.074,0.068,0.062,0.055,0.059,0.051,0.049,0.047,0.040,0.039,0.050,0.048,0.043,0.035,0.030,0.028,0.031,0.036,0.033,0.032,0.027,0.026,0.030,0.025,0.023,0.026,0.024,0.028,0.034,0.035,0.033,0.027,0.024,0.030,0.038,0.043,0.041,0.039,0.038,0.046,0.050,0.048,0.059,0.061,0.063,0.073,0.080,0.073,0.061,0.060,0.058,0.050,0.052,0.049,0.042,0.044,0.042,0.038,0.050,0.048,0.042,0.046,0.052,0.061,0.096,0.080,0.069,0.086,0.090,0.106,0.122,0.084,0.087,0.103,0.096,0.103,,,,,
,1,1,Act_Iron,0.003,0.004,0.001,0.002,0.004,0.006,0.003,0.003,0.004,0.004,0.004,0.000,0.000,0.000,0.000,0.000,0.000,0.000,0.000,0.000,0.000,0.000,0.000,0.000,0.000,0.000,0.000,0.000,0.000,0.000,0.000,0.005,0.005,0.005,0.009,0.012,0.008,0.010,0.014,0.009,0.009,0.009,0.006,0.005,0.004,0.006,0.006,0.007,0.007,0.007,0.007,0.004,0.006,0.007,0.009,0.010,0.009,0.010,0.012,0.011,0.017,0.019,0.020,0.021,0.022,0.026,0.021,0.023,0.024,0.024,0.021,0.018,0.018,0.016,0.017,0.014,0.015,0.014,0.012,0.015,0.017,0.015,0.018,0.017,0.019,0.021,0.021,0.020,0.022,0.023,0.027,0.031,0.030,0.024,0.022,0.022,0.021,0.018,0.019,0.019,0.022,0.021,0.021,0.017,0.017,0.014,0.011,0.011,0.011,0.012,0.013,0.012,0.013,0.014,0.012,0.012,0.013,0.011,0.012,0.015,0.019,0.016,0.016,0.016,0.018,0.016,0.013,0.010,0.008,0.009,0.009,0.008,0.006,0.004,0.004,0.004,0.005,0.003,0.005,0.006,0.004,0.004,0.005,0.004,,,,,
,1,1,Act_HouseClean,0.004,0.009,0.006,0.007,0.004,0.002,0.012,0.007,0.004,0.000,0.000,0.005,0.000,0.000,0.000,0.000,0.000,0.007,0.000,0.000,0.000,0.000,0.000,0.000,0.000,0.000,0.000,0.000,0.008,0.000,0.011,0.016,0.015,0.009,0.009,0.024,0.016,0.007,0.009,0.017,0.017,0.018,0.021,0.031,0.030,0.026,0.029,0.042,0.047,0.051,0.062,0.072,0.088,0.089,0.098,0.115,0.127,0.134,0.148,0.145,0.150,0.159,0.170,0.167,0.175,0.159,0.159,0.153,0.155,0.143,0.149,0.137,0.118,0.106,0.105,0.090,0.081,0.077,0.063,0.065,0.061,0.072,0.075,0.075,0.069,0.067,0.069,0.071,0.063,0.064,0.059,0.060,0.059,0.059,0.056,0.057,0.040,0.039,0.044,0.036,0.039,0.038,0.039,0.033,0.031,0.029,0.026,0.020,0.020,0.024,0.024,0.026,0.026,0.022,0.016,0.018,0.017,0.017,0.014,0.014,0.010,0.013,0.012,0.009,0.010,0.009,0.009,0.012,0.012,0.012,0.009,0.007,0.010,0.009,0.007,0.010,0.010,0.006,0.004,0.006,0.007,0.006,0.008,0.005,,,,,
,1,2,Act_TV,0.511,0.484,0.527,0.525,0.517,0.505,0.475,0.439,0.404,0.341,0.366,0.438,0.321,0.276,0.286,0.194,0.300,0.200,0.143,0.222,0.111,0.100,0.111,0.125,0.200,0.182,0.214,0.167,0.143,0.125,0.059,0.083,0.000,0.048,0.038,0.000,0.051,0.065,0.082,0.048,0.047,0.061,0.075,0.089,0.123,0.129,0.139,0.131,0.116,0.115,0.128,0.125,0.123,0.132,0.124,0.133,0.148,0.143,0.156,0.168,0.161,0.175,0.165,0.185,0.195,0.196,0.208,0.216,0.217,0.225,0.233,0.225,0.190,0.190,0.194,0.196,0.206,0.200,0.211,0.215,0.231,0.255,0.272,0.281,0.284,0.297,0.308,0.331,0.352,0.367,0.384,0.387,0.384,0.399,0.400,0.389,0.386,0.388,0.398,0.399,0.402,0.378,0.345,0.356,0.363,0.366,0.373,0.377,0.359,0.371,0.390,0.409,0.426,0.444,0.491,0.515,0.546,0.591,0.609,0.640,0.670,0.699,0.697,0.705,0.721,0.741,0.740,0.749,0.757,0.772,0.770,0.745,0.708,0.708,0.735,0.708,0.686,0.666,0.600,0.608,0.578,0.548,0.538,0.536,,,,,
,1,2,Act_Cooking,0.070,0.079,0.061,0.065,0.052,0.057,0.082,0.035,0.058,0.098,0.049,0.031,0.036,0.034,0.036,0.032,0.050,0.100,0.071,0.111,0.222,0.100,0.000,0.000,0.200,0.273,0.071,0.167,0.071,0.188,0.235,0.250,0.200,0.095,0.115,0.154,0.103,0.196,0.265,0.254,0.233,0.183,0.232,0.195,0.206,0.231,0.214,0.236,0.261,0.228,0.224,0.229,0.230,0.231,0.229,0.209,0.175,0.198,0.175,0.168,0.196,0.179,0.156,0.160,0.164,0.164,0.179,0.178,0.185,0.184,0.200,0.243,0.285,0.276,0.283,0.281,0.289,0.285,0.265,0.239,0.228,0.211,0.198,0.180,0.200,0.190,0.165,0.158,0.152,0.156,0.151,0.147,0.134,0.139,0.147,0.165,0.214,0.196,0.207,0.214,0.221,0.251,0.275,0.265,0.269,0.284,0.275,0.271,0.255,0.256,0.234,0.237,0.213,0.202,0.166,0.154,0.148,0.137,0.124,0.119,0.115,0.093,0.083,0.086,0.066,0.071,0.078,0.066,0.055,0.050,0.053,0.062,0.073,0.060,0.056,0.052,0.039,0.047,0.054,0.053,0.064,0.055,0.061,0.068,,,,,
,1,2,Act_Laundry,0.004,0.000,0.000,0.000,0.000,0.010,0.000,0.000,0.000,0.000,0.000,0.000,0.000,0.000,0.000,0.000,0.000,0.000,0.000,0.000,0.000,0.000,0.000,0.000,0.000,0.000,0.000,0.000,0.000,0.000,0.000,0.042,0.050,0.000,0.000,0.038,0.000,0.022,0.000,0.000,0.000,0.000,0.008,0.023,0.014,0.017,0.025,0.022,0.033,0.028,0.025,0.027,0.027,0.036,0.039,0.043,0.040,0.030,0.035,0.041,0.047,0.049,0.047,0.043,0.033,0.055,0.053,0.050,0.052,0.042,0.045,0.030,0.028,0.033,0.040,0.034,0.029,0.021,0.031,0.023,0.026,0.031,0.034,0.031,0.030,0.022,0.023,0.032,0.024,0.026,0.024,0.024,0.019,0.023,0.022,0.013,0.025,0.020,0.021,0.028,0.023,0.017,0.018,0.016,0.021,0.013,0.020,0.014,0.012,0.010,0.007,0.008,0.010,0.012,0.014,0.016,0.011,0.009,0.011,0.008,0.011,0.010,0.009,0.006,0.006,0.008,0.004,0.006,0.007,0.006,0.004,0.005,0.001,0.003,0.005,0.006,0.004,0.004,0.005,0.003,0.003,0.002,0.007,0.011,,,,,
,1,2,Act_WashDress,0.233,0.163,0.121,0.137,0.103,0.152,0.131,0.123,0.173,0.171,0.171,0.063,0.071,0.034,0.071,0.194,0.050,0.050,0.214,0.222,0.111,0.100,0.333,0.000,0.100,0.545,0.286,0.167,0.071,0.125,0.353,0.458,0.450,0.476,0.346,0.192,0.359,0.370,0.347,0.286,0.372,0.391,0.500,0.449,0.421,0.390,0.405,0.414,0.420,0.429,0.387,0.362,0.330,0.317,0.345,0.307,0.275,0.284,0.259,0.261,0.275,0.226,0.192,0.189,0.164,0.183,0.191,0.177,0.152,0.133,0.124,0.120,0.123,0.112,0.100,0.080,0.080,0.067,0.072,0.074,0.068,0.060,0.057,0.051,0.072,0.062,0.050,0.049,0.041,0.044,0.048,0.048,0.042,0.042,0.034,0.033,0.046,0.050,0.054,0.051,0.054,0.055,0.058,0.066,0.065,0.069,0.068,0.084,0.099,0.108,0.109,0.109,0.119,0.115,0.120,0.116,0.098,0.092,0.093,0.089,0.084,0.077,0.075,0.070,0.068,0.068,0.065,0.069,0.065,0.073,0.073,0.097,0.155,0.135,0.106,0.127,0.125,0.130,0.188,0.154,0.163,0.175,0.157,0.123,,,,,
,1,2,Act_Iron,0.004,0.000,0.000,0.000,0.000,0.000,0.000,0.000,0.000,0.000,0.000,0.000,0.000,0.000,0.000,0.000,0.000,0.000,0.000,0.000,0.000,0.000,0.000,0.000,0.000,0.000,0.000,0.000,0.000,0.000,0.000,0.000,0.000,0.000,0.000,0.000,0.000,0.000,0.000,0.000,0.000,0.000,0.008,0.010,0.000,0.004,0.008,0.005,0.005,0.004,0.004,0.009,0.010,0.014,0.015,0.017,0.016,0.020,0.015,0.021,0.024,0.027,0.026,0.030,0.032,0.027,0.030,0.030,0.028,0.034,0.038,0.036,0.035,0.033,0.027,0.032,0.031,0.022,0.017,0.021,0.022,0.021,0.019,0.028,0.030,0.028,0.033,0.035,0.036,0.029,0.034,0.029,0.032,0.036,0.039,0.043,0.033,0.036,0.036,0.029,0.032,0.030,0.026,0.026,0.026,0.024,0.024,0.021,0.018,0.022,0.018,0.023,0.022,0.022,0.019,0.015,0.013,0.017,0.017,0.019,0.019,0.019,0.021,0.024,0.023,0.019,0.016,0.015,0.014,0.019,0.018,0.018,0.013,0.013,0.012,0.011,0.011,0.008,0.007,0.007,0.006,0.006,0.004,0.008,,,,,
,1,2,Act_HouseClean,0.019,0.014,0.000,0.007,0.017,0.019,0.049,0.035,0.019,0.024,0.024,0.031,0.036,0.069,0.036,0.032,0.050,0.100,0.071,0.111,0.111,0.100,0.000,0.000,0.100,0.000,0.071,0.000,0.000,0.063,0.118,0.042,0.000,0.000,0.000,0.000,0.026,0.022,0.041,0.048,0.058,0.026,0.016,0.026,0.043,0.056,0.058,0.063,0.065,0.066,0.078,0.091,0.112,0.121,0.142,0.154,0.161,0.172,0.195,0.196,0.190,0.200,0.225,0.223,0.220,0.205,0.190,0.186,0.185,0.176,0.167,0.159,0.145,0.135,0.130,0.123,0.127,0.108,0.077,0.080,0.085,0.083,0.089,0.100,0.085,0.089,0.085,0.091,0.090,0.089,0.084,0.084,0.076,0.078,0.081,0.085,0.062,0.070,0.064,0.051,0.051,0.048,0.047,0.051,0.047,0.052,0.055,0.052,0.050,0.043,0.042,0.036,0.038,0.039,0.034,0.042,0.034,0.030,0.030,0.032,0.025,0.019,0.022,0.019,0.014,0.016,0.014,0.011,0.012,0.011,0.011,0.015,0.015,0.014,0.018,0.014,0.011,0.007,0.014,0.018,0.009,0.013,0.013,0.014,,,,,
,1,3,Act_TV,0.742,0.769,0.741,0.714,0.722,0.733,0.778,0.625,0.500,0.500,0.286,0.500,0.500,0.000,0.000,0.000,0.000,0.000,0.000,0.000,0.000,0.000,0.000,0.000,1.000,1.000,0.000,0.500,0.500,0.000,0.500,0.500,0.500,0.500,1.000,1.000,0.000,0.000,0.000,0.000,0.250,0.400,0.154,0.167,0.200,0.316,0.417,0.400,0.337,0.333,0.383,0.348,0.394,0.419,0.365,0.360,0.330,0.357,0.330,0.393,0.375,0.435,0.444,0.395,0.436,0.438,0.378,0.382,0.386,0.384,0.389,0.389,0.413,0.393,0.401,0.358,0.382,0.387,0.339,0.388,0.408,0.373,0.373,0.422,0.381,0.415,0.461,0.487,0.483,0.460,0.463,0.513,0.539,0.555,0.567,0.557,0.533,0.531,0.545,0.550,0.563,0.556,0.536,0.567,0.543,0.528,0.519,0.536,0.487,0.529,0.543,0.553,0.590,0.601,0.674,0.671,0.680,0.705,0.741,0.773,0.757,0.746,0.754,0.789,0.830,0.825,0.803,0.826,0.876,0.848,0.847,0.853,0.820,0.825,0.837,0.809,0.810,0.826,0.810,0.777,0.765,0.719,0.689,0.816,,,,,
,1,3,Act_Cooking,0.032,0.038,0.074,0.000,0.000,0.067,0.000,0.000,0.000,0.125,0.000,0.000,0.000,0.000,0.000,0.000,1.000,0.000,0.000,0.000,0.000,0.000,0.000,0.000,0.000,0.000,0.000,0.000,0.000,0.000,0.000,0.000,0.500,0.000,0.000,0.000,0.000,0.000,0.000,0.333,0.000,0.200,0.308,0.333,0.300,0.316,0.250,0.255,0.313,0.219,0.227,0.227,0.204,0.243,0.190,0.182,0.243,0.211,0.225,0.231,0.234,0.218,0.240,0.188,0.178,0.219,0.209,0.167,0.165,0.219,0.255,0.262,0.307,0.283,0.302,0.268,0.275,0.290,0.298,0.267,0.256,0.289,0.253,0.279,0.304,0.246,0.228,0.226,0.155,0.139,0.157,0.135,0.139,0.157,0.163,0.178,0.244,0.225,0.236,0.265,0.246,0.297,0.320,0.317,0.321,0.330,0.354,0.358,0.333,0.302,0.265,0.234,0.229,0.234,0.209,0.210,0.184,0.163,0.143,0.135,0.125,0.117,0.110,0.095,0.084,0.108,0.122,0.082,0.075,0.060,0.046,0.048,0.059,0.067,0.081,0.053,0.046,0.054,0.095,0.106,0.086,0.088,0.000,0.000,,,,,
,1,3,Act_Laundry,0.000,0.000,0.000,0.000,0.000,0.000,0.000,0.000,0.000,0.000,0.000,0.000,0.000,0.000,0.000,0.000,0.000,0.000,0.000,0.000,0.000,0.000,0.000,0.000,0.000,0.000,0.000,0.000,0.000,0.000,0.000,0.000,0.000,0.000,0.000,0.000,0.000,0.000,0.000,0.000,0.000,0.200,0.077,0.000,0.033,0.000,0.042,0.055,0.000,0.019,0.031,0.057,0.042,0.047,0.032,0.044,0.041,0.066,0.075,0.051,0.056,0.066,0.032,0.031,0.046,0.070,0.091,0.084,0.081,0.050,0.059,0.056,0.059,0.045,0.032,0.045,0.024,0.044,0.037,0.043,0.023,0.040,0.037,0.044,0.054,0.030,0.026,0.017,0.022,0.017,0.052,0.017,0.013,0.026,0.033,0.036,0.044,0.048,0.035,0.034,0.026,0.016,0.020,0.014,0.022,0.016,0.021,0.021,0.020,0.012,0.007,0.014,0.020,0.018,0.007,0.005,0.010,0.000,0.003,0.007,0.008,0.005,0.010,0.017,0.017,0.018,0.016,0.019,0.017,0.014,0.012,0.010,0.008,0.021,0.018,0.016,0.011,0.000,0.000,0.011,0.012,0.018,0.000,0.000,,,,,
,1,3,Act_WashDress,0.194,0.192,0.222,0.190,0.167,0.000,0.111,0.000,0.167,0.000,0.286,0.250,0.000,0.000,0.000,0.000,0.000,0.000,0.000,0.000,0.000,0.000,0.000,0.000,0.000,0.000,0.000,0.500,0.000,0.000,0.500,0.000,0.000,0.000,0.000,0.000,0.000,0.000,0.500,1.000,0.750,0.200,0.769,0.833,0.567,0.500,0.500,0.600,0.614,0.571,0.461,0.489,0.514,0.473,0.550,0.507,0.463,0.463,0.419,0.415,0.413,0.410,0.330,0.301,0.340,0.289,0.352,0.335,0.305,0.331,0.289,0.266,0.177,0.170,0.147,0.134,0.120,0.129,0.188,0.155,0.103,0.108,0.100,0.104,0.097,0.093,0.105,0.107,0.078,0.093,0.096,0.087,0.061,0.074,0.079,0.083,0.074,0.089,0.080,0.101,0.097,0.089,0.110,0.097,0.103,0.121,0.125,0.149,0.197,0.190,0.168,0.188,0.204,0.198,0.189,0.191,0.196,0.188,0.176,0.172,0.182,0.175,0.171,0.154,0.138,0.135,0.170,0.161,0.179,0.193,0.199,0.218,0.226,0.192,0.195,0.186,0.190,0.168,0.207,0.223,0.222,0.228,0.178,0.211,,,,,
,1,3,Act_Iron,0.000,0.000,0.000,0.000,0.000,0.000,0.000,0.000,0.000,0.000,0.000,0.000,0.000,0.000,0.000,0.000,0.000,0.000,0.000,0.000,0.000,0.000,0.000,0.000,0.000,0.000,0.000,0.000,0.000,0.000,0.000,0.000,0.000,0.000,0.000,0.000,0.000,0.000,0.000,0.000,0.000,0.000,0.000,0.000,0.033,0.000,0.021,0.000,0.036,0.019,0.008,0.014,0.021,0.020,0.005,0.010,0.014,0.009,0.009,0.017,0.026,0.026,0.039,0.023,0.019,0.017,0.017,0.020,0.021,0.029,0.033,0.040,0.024,0.032,0.036,0.045,0.040,0.028,0.016,0.019,0.019,0.028,0.021,0.028,0.019,0.017,0.026,0.026,0.039,0.042,0.039,0.048,0.061,0.061,0.063,0.047,0.041,0.044,0.038,0.040,0.055,0.048,0.040,0.047,0.043,0.046,0.045,0.024,0.023,0.027,0.027,0.031,0.027,0.036,0.025,0.027,0.024,0.033,0.018,0.020,0.015,0.017,0.022,0.017,0.012,0.018,0.027,0.025,0.040,0.032,0.023,0.032,0.029,0.025,0.018,0.005,0.000,0.007,0.009,0.000,0.000,0.018,0.022,0.000,,,,,
,1,3,Act_HouseClean,0.032,0.038,0.037,0.000,0.000,0.067,0.111,0.000,0.000,0.000,0.143,0.000,0.000,0.000,0.000,0.000,1.000,0.000,0.000,0.000,0.000,0.000,0.000,0.000,0.000,0.000,0.000,0.000,0.000,0.000,0.000,0.000,0.000,0.000,0.000,0.000,0.000,0.000,0.000,0.000,0.250,0.000,0.000,0.000,0.000,0.000,0.021,0.018,0.108,0.133,0.094,0.128,0.183,0.155,0.164,0.212,0.188,0.194,0.216,0.218,0.197,0.214,0.222,0.254,0.259,0.256,0.270,0.259,0.288,0.264,0.293,0.278,0.209,0.166,0.171,0.142,0.159,0.165,0.127,0.112,0.122,0.137,0.116,0.104,0.109,0.136,0.158,0.158,0.164,0.135,0.118,0.117,0.113,0.079,0.071,0.099,0.100,0.085,0.087,0.077,0.084,0.064,0.046,0.036,0.049,0.059,0.072,0.066,0.061,0.056,0.056,0.060,0.059,0.056,0.055,0.050,0.056,0.063,0.063,0.035,0.046,0.032,0.032,0.032,0.035,0.043,0.021,0.030,0.035,0.023,0.020,0.022,0.038,0.033,0.027,0.021,0.017,0.020,0.034,0.021,0.049,0.035,0.044,0.026,,,,,
,1,4,Act_TV,0.571,0.500,0.333,0.167,0.200,0.000,0.000,0.000,0.000,0.000,0.500,0.000,0.000,0.000,0.000,0.000,0.000,0.000,0.000,0.000,0.000,0.000,0.000,0.000,1.000,1.000,1.000,1.000,1.000,1.000,1.000,0.000,0.000,0.000,0.000,0.000,0.000,0.000,0.000,0.000,0.000,1.000,1.000,0.500,0.250,0.333,0.429,0.556,0.522,0.483,0.455,0.705,0.547,0.537,0.537,0.571,0.528,0.488,0.519,0.662,0.629,0.581,0.648,0.579,0.563,0.580,0.530,0.540,0.492,0.517,0.433,0.500,0.386,0.441,0.381,0.387,0.359,0.403,0.333,0.342,0.364,0.529,0.480,0.420,0.462,0.467,0.466,0.535,0.544,0.603,0.565,0.457,0.443,0.481,0.488,0.519,0.558,0.570,0.568,0.648,0.571,0.538,0.451,0.470,0.478,0.571,0.549,0.552,0.529,0.591,0.582,0.601,0.634,0.614,0.634,0.684,0.777,0.776,0.781,0.840,0.825,0.821,0.816,0.833,0.825,0.885,0.872,0.856,0.829,0.869,0.889,0.912,0.803,0.788,0.825,0.820,0.927,0.943,0.900,0.737,0.750,0.833,0.818,0.714,,,,,
,1,4,Act_Cooking,0.000,0.125,0.000,0.000,0.000,0.000,0.000,0.000,0.000,0.000,0.000,0.000,0.000,0.000,1.000,1.000,0.000,0.000,0.000,0.000,0.000,0.000,0.000,0.000,0.000,0.000,0.000,0.000,0.000,0.000,0.000,0.000,0.000,0.000,1.000,0.000,0.000,0.000,0.000,0.000,0.000,0.000,0.667,0.625,0.625,0.333,0.286,0.333,0.435,0.310,0.212,0.136,0.189,0.241,0.284,0.186,0.194,0.220,0.247,0.297,0.214,0.257,0.254,0.237,0.225,0.203,0.197,0.175,0.200,0.150,0.239,0.328,0.474,0.353,0.349,0.333,0.321,0.347,0.309,0.278,0.247,0.206,0.213,0.275,0.200,0.200,0.192,0.197,0.206,0.159,0.232,0.186,0.143,0.127,0.159,0.203,0.314,0.290,0.250,0.242,0.306,0.330,0.459,0.409,0.403,0.414,0.338,0.246,0.316,0.349,0.361,0.324,0.280,0.256,0.250,0.260,0.240,0.190,0.142,0.153,0.131,0.111,0.076,0.077,0.052,0.064,0.054,0.041,0.055,0.088,0.077,0.044,0.099,0.061,0.063,0.020,0.024,0.029,0.150,0.158,0.083,0.167,0.091,0.000,,,,,
,1,4,Act_Laundry,0.000,0.000,0.000,0.000,0.000,0.000,0.000,0.000,0.000,0.000,0.000,0.000,0.000,0.000,0.000,0.000,0.000,0.000,0.000,0.000,0.000,0.000,0.000,0.000,0.000,0.000,0.000,0.000,0.000,0.000,0.000,0.000,0.000,0.000,0.000,0.000,0.000,0.000,0.000,0.000,0.000,0.000,0.000,0.000,0.000,0.000,0.000,0.000,0.043,0.034,0.091,0.023,0.057,0.074,0.045,0.043,0.028,0.073,0.026,0.081,0.100,0.054,0.056,0.079,0.085,0.058,0.061,0.032,0.046,0.083,0.030,0.017,0.035,0.059,0.063,0.053,0.038,0.000,0.025,0.025,0.039,0.044,0.040,0.072,0.062,0.027,0.014,0.085,0.044,0.063,0.043,0.029,0.043,0.013,0.024,0.025,0.035,0.032,0.023,0.033,0.071,0.075,0.049,0.015,0.015,0.030,0.030,0.030,0.022,0.027,0.006,0.006,0.006,0.017,0.017,0.006,0.000,0.011,0.018,0.043,0.019,0.006,0.013,0.000,0.006,0.006,0.000,0.007,0.007,0.000,0.000,0.000,0.028,0.000,0.000,0.000,0.000,0.000,0.000,0.000,0.000,0.000,0.000,0.000,,,,,
,1,4,Act_WashDress,0.143,0.125,0.000,0.167,0.000,0.250,0.333,0.500,0.500,0.000,0.000,0.000,0.000,0.000,0.000,0.000,0.000,0.000,0.000,0.000,0.000,0.000,0.000,0.000,0.000,0.000,0.000,0.000,0.000,0.000,0.000,0.000,0.000,0.000,1.000,0.000,0.000,0.000,0.000,0.000,0.000,1.000,0.333,0.500,0.625,0.889,0.714,0.667,0.652,0.621,0.636,0.523,0.491,0.537,0.582,0.514,0.597,0.524,0.494,0.473,0.429,0.405,0.366,0.487,0.479,0.464,0.485,0.413,0.446,0.333,0.328,0.276,0.386,0.250,0.270,0.200,0.154,0.181,0.160,0.127,0.156,0.206,0.147,0.130,0.108,0.107,0.164,0.113,0.088,0.063,0.116,0.100,0.100,0.051,0.012,0.038,0.105,0.118,0.136,0.099,0.082,0.085,0.107,0.121,0.179,0.120,0.180,0.149,0.213,0.221,0.241,0.249,0.280,0.233,0.273,0.254,0.263,0.259,0.237,0.209,0.231,0.247,0.253,0.218,0.240,0.250,0.324,0.288,0.253,0.204,0.145,0.242,0.310,0.333,0.286,0.240,0.195,0.229,0.150,0.474,0.333,0.250,0.091,0.000,,,,,
,1,4,Act_Iron,0.000,0.000,0.000,0.000,0.000,0.000,0.000,0.000,0.000,0.000,0.000,0.000,0.000,0.000,0.000,0.000,0.000,0.000,0.000,0.000,0.000,0.000,0.000,0.000,0.000,0.000,0.000,0.000,0.000,0.000,0.000,0.000,0.000,0.000,0.000,0.000,0.000,0.000,0.000,0.000,0.000,0.000,0.000,0.000,0.000,0.000,0.000,0.000,0.000,0.034,0.030,0.023,0.019,0.037,0.030,0.014,0.014,0.012,0.013,0.027,0.014,0.014,0.042,0.026,0.056,0.072,0.045,0.032,0.046,0.033,0.015,0.017,0.018,0.015,0.016,0.013,0.013,0.042,0.037,0.013,0.013,0.015,0.013,0.000,0.046,0.040,0.027,0.028,0.059,0.079,0.087,0.086,0.114,0.101,0.073,0.051,0.047,0.075,0.091,0.088,0.061,0.047,0.049,0.061,0.067,0.030,0.038,0.045,0.022,0.013,0.019,0.029,0.023,0.034,0.052,0.034,0.045,0.046,0.036,0.031,0.044,0.043,0.044,0.058,0.065,0.045,0.047,0.027,0.021,0.015,0.017,0.022,0.028,0.030,0.032,0.040,0.049,0.029,0.050,0.053,0.167,0.083,0.091,0.000,,,,,
,1,4,Act_HouseClean,0.000,0.125,0.167,0.167,0.200,0.250,0.000,0.000,0.000,0.000,0.000,0.000,1.000,1.000,1.000,1.000,0.000,0.000,0.000,0.000,0.000,0.000,0.000,0.000,0.000,0.000,0.000,0.000,0.000,0.000,0.000,0.000,0.000,0.000,0.000,0.000,0.000,0.000,0.000,0.000,0.000,0.000,0.333,0.125,0.125,0.111,0.143,0.222,0.087,0.103,0.121,0.182,0.264,0.222,0.239,0.229,0.222,0.207,0.195,0.162,0.214,0.243,0.211,0.211,0.183,0.203,0.167,0.206,0.246,0.267,0.299,0.259,0.263,0.191,0.190,0.160,0.167,0.125,0.086,0.165,0.169,0.132,0.107,0.101,0.123,0.067,0.110,0.113,0.147,0.111,0.130,0.186,0.171,0.165,0.183,0.139,0.140,0.118,0.148,0.165,0.163,0.094,0.057,0.038,0.045,0.075,0.068,0.082,0.081,0.060,0.063,0.064,0.086,0.074,0.047,0.096,0.067,0.023,0.024,0.018,0.025,0.043,0.038,0.051,0.039,0.051,0.047,0.034,0.014,0.022,0.026,0.022,0.014,0.015,0.032,0.080,0.073,0.086,0.100,0.053,0.000,0.000,0.000,0.000,,,,,
,1,5,Act_TV,0.000,0.000,0.000,0.000,0.000,0.000,0.000,0.000,0.000,0.000,0.000,0.000,0.000,0.000,0.000,0.000,0.000,0.000,0.000,0.000,0.000,0.000,0.000,0.000,0.000,0.000,0.000,0.000,0.000,0.000,0.000,0.000,0.000,0.000,0.000,0.000,0.000,0.000,0.000,0.000,0.000,0.000,0.000,0.000,0.000,1.000,0.500,0.500,0.667,0.750,0.750,0.444,0.556,0.625,0.455,0.400,0.500,0.571,0.615,0.600,0.667,0.700,0.556,0.571,0.750,0.750,0.833,0.833,0.571,0.700,0.909,0.727,0.667,0.538,0.583,0.357,0.692,0.538,0.333,0.429,0.286,0.471,0.571,0.500,0.200,0.111,0.400,0.571,0.778,0.857,0.714,0.714,0.571,0.571,0.500,0.400,0.692,0.800,0.714,0.778,0.789,0.722,0.714,0.625,0.650,0.769,0.742,0.759,0.722,0.676,0.706,0.750,0.615,0.806,0.700,0.718,0.780,0.814,0.780,0.829,0.889,0.919,0.919,0.875,0.800,0.900,0.931,0.926,0.885,0.909,0.905,0.857,0.800,0.857,0.818,0.818,0.800,0.750,0.667,0.667,0.667,0.500,0.500,0.333,,,,,
,1,5,Act_Cooking,0.000,0.000,0.000,0.000,0.000,0.000,0.000,0.000,0.000,0.000,0.000,0.000,0.000,0.000,0.000,0.000,0.000,0.000,0.000,0.000,0.000,0.000,0.000,0.000,0.000,0.000,0.000,0.000,0.000,0.000,0.000,0.000,0.000,0.000,0.000,0.000,0.000,0.000,0.000,0.000,0.000,0.000,0.000,0.000,0.000,0.000,0.000,0.000,0.333,0.250,0.500,0.444,0.222,0.375,0.455,0.500,0.400,0.286,0.154,0.200,0.556,0.300,0.222,0.286,0.125,0.125,0.333,0.167,0.143,0.200,0.182,0.273,0.267,0.385,0.333,0.500,0.231,0.308,0.400,0.357,0.214,0.235,0.143,0.250,0.200,0.111,0.400,0.143,0.222,0.143,0.143,0.143,0.143,0.000,0.125,0.100,0.308,0.533,0.357,0.444,0.421,0.500,0.571,0.375,0.350,0.308,0.452,0.379,0.417,0.353,0.294,0.214,0.231,0.323,0.300,0.282,0.220,0.093,0.024,0.049,0.111,0.162,0.081,0.075,0.100,0.100,0.069,0.074,0.077,0.045,0.048,0.143,0.200,0.143,0.000,0.000,0.000,0.000,0.000,0.000,0.000,0.000,0.000,0.000,,,,,
,1,5,Act_Laundry,0.000,0.000,0.000,0.000,0.000,0.000,0.000,0.000,0.000,0.000,0.000,0.000,0.000,0.000,0.000,0.000,0.000,0.000,0.000,0.000,0.000,0.000,0.000,0.000,0.000,0.000,0.000,0.000,0.000,0.000,0.000,0.000,0.000,0.000,0.000,0.000,0.000,0.000,0.000,0.000,0.000,0.000,0.000,0.000,0.000,0.000,0.000,0.000,0.000,0.250,0.000,0.111,0.000,0.000,0.091,0.000,0.100,0.000,0.000,0.000,0.000,0.000,0.111,0.143,0.250,0.250,0.000,0.000,0.000,0.000,0.091,0.000,0.000,0.000,0.083,0.000,0.154,0.077,0.067,0.143,0.071,0.118,0.214,0.000,0.100,0.111,0.100,0.143,0.000,0.286,0.143,0.143,0.000,0.000,0.000,0.000,0.000,0.000,0.000,0.000,0.000,0.000,0.000,0.000,0.100,0.038,0.000,0.000,0.000,0.000,0.000,0.000,0.000,0.000,0.000,0.051,0.049,0.047,0.000,0.000,0.000,0.027,0.000,0.000,0.000,0.000,0.069,0.037,0.038,0.045,0.000,0.000,0.000,0.000,0.000,0.000,0.000,0.000,0.000,0.000,0.000,0.000,0.000,0.000,,,,,
,1,5,Act_WashDress,0.000,0.000,0.000,0.000,0.000,0.000,0.000,0.000,0.000,0.000,0.000,0.000,0.000,0.000,0.000,0.000,0.000,0.000,0.000,0.000,0.000,0.000,0.000,0.000,0.000,0.000,0.000,0.000,0.000,0.000,0.000,0.000,0.000,0.000,0.000,0.000,0.000,0.000,0.000,0.000,0.000,0.000,0.000,0.000,0.000,1.000,1.000,1.000,0.667,0.750,0.500,0.556,0.556,0.500,0.455,0.600,0.700,0.714,0.615,0.600,0.667,0.500,0.556,0.571,0.500,0.375,0.500,0.667,0.286,0.500,0.364,0.182,0.400,0.538,0.583,0.429,0.308,0.231,0.133,0.143,0.143,0.176,0.214,0.167,0.000,0.000,0.000,0.000,0.111,0.143,0.286,0.286,0.429,0.143,0.000,0.000,0.231,0.133,0.143,0.167,0.105,0.111,0.143,0.188,0.250,0.308,0.194,0.172,0.194,0.265,0.265,0.250,0.269,0.290,0.300,0.205,0.244,0.233,0.268,0.220,0.389,0.378,0.270,0.250,0.275,0.300,0.310,0.222,0.154,0.136,0.143,0.143,0.200,0.357,0.091,0.182,0.100,0.125,0.167,0.000,0.000,0.000,0.000,0.000,,,,,
,1,5,Act_Iron,0.000,0.000,0.000,0.000,0.000,0.000,0.000,0.000,0.000,0.000,0.000,0.000,0.000,0.000,0.000,0.000,0.000,0.000,0.000,0.000,0.000,0.000,0.000,0.000,0.000,0.000,0.000,0.000,0.000,0.000,0.000,0.000,0.000,0.000,0.000,0.000,0.000,0.000,0.000,0.000,0.000,0.000,0.000,0.000,0.000,0.000,0.000,0.000,0.000,0.000,0.000,0.000,0.000,0.000,0.000,0.000,0.000,0.000,0.000,0.000,0.000,0.000,0.000,0.000,0.000,0.125,0.000,0.000,0.000,0.000,0.091,0.000,0.000,0.077,0.083,0.071,0.077,0.000,0.000,0.000,0.000,0.000,0.000,0.083,0.000,0.000,0.000,0.000,0.000,0.000,0.000,0.000,0.000,0.000,0.000,0.000,0.000,0.067,0.071,0.111,0.105,0.056,0.071,0.063,0.050,0.077,0.032,0.034,0.056,0.059,0.059,0.071,0.077,0.032,0.025,0.026,0.000,0.000,0.000,0.000,0.000,0.000,0.000,0.025,0.025,0.067,0.103,0.111,0.077,0.091,0.048,0.071,0.000,0.000,0.000,0.000,0.000,0.000,0.000,0.000,0.000,0.000,0.000,0.000,,,,,
,1,5,Act_HouseClean,0.500,0.000,0.000,0.000,0.000,0.000,0.000,0.000,0.000,0.000,0.000,0.000,0.000,0.000,0.000,0.000,0.000,0.000,0.000,0.000,0.000,0.000,0.000,0.000,0.000,0.000,0.000,0.000,0.000,0.000,0.000,0.000,0.000,0.000,0.000,0.000,0.000,0.000,0.000,0.000,0.000,0.000,0.000,0.000,0.000,0.000,0.000,0.000,0.000,0.250,0.000,0.000,0.111,0.125,0.091,0.200,0.100,0.143,0.308,0.200,0.222,0.400,0.556,0.143,0.125,0.125,0.167,0.167,0.429,0.400,0.273,0.364,0.333,0.231,0.167,0.286,0.385,0.308,0.267,0.143,0.143,0.294,0.357,0.250,0.100,0.222,0.200,0.286,0.111,0.143,0.143,0.143,0.143,0.286,0.250,0.200,0.231,0.200,0.286,0.222,0.211,0.167,0.214,0.188,0.150,0.077,0.129,0.207,0.139,0.059,0.059,0.036,0.038,0.000,0.000,0.051,0.024,0.093,0.073,0.049,0.028,0.054,0.108,0.050,0.050,0.067,0.069,0.074,0.077,0.045,0.095,0.000,0.000,0.000,0.000,0.091,0.000,0.000,0.000,0.000,0.000,0.000,0.000,0.000,,,,,
,,,,,,,,,,,,,,,,,,,,,,,,,,,,,,,,,,,,,,,,,,,,,,,,,,,,,,,,,,,,,,,,,,,,,,,,,,,,,,,,,,,,,,,,,,,,,,,,,,,,,,,,,,,,,,,,,,,,,,,,,,,,,,,,,,,,,,,,,,,,,,,,,,,,,,,,
,,,,Probability of there being this number of active occupants during this ten minute period,,,,,,,,,,,,,,,,,,,,,,,,,,,,,,,,,,,,,,,,,,,,,,,,,,,,,,,,,,,,,,,,,,,,,,,,,,,,,,,,,,,,,,,,,,,,,,,,,,,,,,,,,,,,,,,,,,,,,,,,,,,,,,,,,,,,,,,,,,,,,,,,,Check rProbActivelyOccupied,,,
,Active occupany probability distributions,,,Ten-minute period number,,,,,,,,,,,,,,,,,,,,,,,,,,,,,,,,,,,,,,,,,,,,,,,,,,,,,,,,,,,,,,,,,,,,,,,,,,,,,,,,,,,,,,,,,,,,,,,,,,,,,,,,,,,,,,,,,,,,,,,,,,,,,,,,,,,,,,,,,,,,,,,,,,Day type,Product,Probability
,Weekend flag,Number of active occupants,,1,2,3,4,5,6,7,8,9,10,11,12,13,14,15,16,17,18,19,20,21,22,23,24,25,26,27,28,29,30,31,32,33,34,35,36,37,38,39,40,41,42,43,44,45,46,47,48,49,50,51,52,53,54,55,56,57,58,59,60,61,62,63,64,65,66,67,68,69,70,71,72,73,74,75,76,77,78,79,80,81,82,83,84,85,86,87,88,89,90,91,92,93,94,95,96,97,98,99,100,101,102,103,104,105,106,107,108,109,110,111,112,113,114,115,116,117,118,119,120,121,122,123,124,125,126,127,128,129,130,131,132,133,134,135,136,137,138,139,140,141,142,143,144,,Average,Weighting,,Of Active
,0,0,,0.78,0.81,0.83,0.85,0.87,0.88,0.90,0.912532377,0.9171149631,0.9240884638,0.9272763499,0.930264993,0.9350468221,0.9392309225,0.9390316796,0.9422195657,0.9448097231,0.9442119944,0.9448097231,0.9473998805,0.948196852,0.9533771668,0.9511854951,0.9517832237,0.9597529388,0.9573620243,0.952978681,0.9489938235,0.9458059374,0.9380354652,0.9212990636,0.9163179916,0.9079497908,0.8926080893,0.8818489739,0.8595337717,0.8063359235,0.7800358637,0.7493524606,0.6931659693,0.6545128512,0.6112771468,0.478182905,0.4407252441,0.4028690974,0.35664475,0.3421000199,0.3207810321,0.2908946005,0.2934847579,0.3167961745,0.3520621638,0.398684997,0.4307631002,0.4253835425,0.419804742,0.4299661287,0.437537358,0.4494919307,0.4644351464,0.4849571628,0.4925283921,0.5012950787,0.5172345089,0.5214186093,0.5313807531,0.5371587966,0.541342897,0.54293684,0.5439330544,0.54293684,0.5425383543,0.5339709105,0.5254034668,0.5212193664,0.5094640367,0.5052799362,0.5048814505,0.4999003786,0.4979079498,0.4997011357,0.5060769078,0.5110579797,0.5226140665,0.5262004383,0.5285913529,0.5305837816,0.5335724248,0.5345686392,0.5467224547,0.549511855,0.5403466826,0.5263996812,0.4989041642,0.4688184897,0.4508866308,0.418210799,0.4010759115,0.3895198247,0.3713887229,0.3506674636,0.3397091054,0.3173939032,0.2958756724,0.2791392708,0.2580195258,0.2438732815,0.2313209803,0.212392907,0.1978481769,0.1888822475,0.1866905758,0.1833034469,0.1870890616,0.1910739191,0.1862920901,0.1839011755,0.1839011755,0.181510261,0.1886830046,0.1844989042,0.1793185894,0.1779238892,0.1771269177,0.1755329747,0.1737397888,0.1745367603,0.1705519028,0.1721458458,0.1741382746,0.179916318,0.2165770074,0.2616058976,0.2777445706,0.3076310022,0.3476788205,0.3855349671,0.4349472006,0.5178322375,0.5654512851,0.6062960749,0.6545128512,0.6893803547,0.7306236302,,0.54,0.7142857143,0.3823368027,Occupancy
,0,1,,0.18,0.15,0.14,0.12,0.11,0.10,0.08547519426,0.07750547918,0.07611077904,0.07053197848,0.06794182108,0.06495317792,0.06116756326,0.05718270572,0.05758119147,0.05439330544,0.05180314804,0.05240087667,0.05220163379,0.05020920502,0.04901374776,0.04383343295,0.04622434748,0.04542737597,0.03865311815,0.04104403268,0.04463040446,0.04801753337,0.05160390516,0.05937437737,0.07391910739,0.07670850767,0.08408049412,0.09822673839,0.1081888822,0.1255230126,0.1667662881,0.1848973899,0.2064156206,0.2396891811,0.2649930265,0.2879059574,0.3542538354,0.3678023511,0.3797569237,0.3923092249,0.401872883,0.422992628,0.4411237298,0.4490934449,0.4500896593,0.4399282726,0.4202032277,0.4028690974,0.4060569835,0.4114365411,0.4104403268,0.411635784,0.4040645547,0.3925084678,0.3757720661,0.3682008368,0.3622235505,0.3506674636,0.3506674636,0.346881849,0.3401075912,0.3349272763,0.3343295477,0.3333333333,0.3327356047,0.3325363618,0.337118948,0.3367204622,0.3383144053,0.3456863917,0.3504682208,0.351663678,0.3596333931,0.3610280932,0.3634190078,0.3622235505,0.363020522,0.3592349074,0.3590356645,0.3590356645,0.3536561068,0.3514644351,0.3502689779,0.3393106196,0.335525005,0.3399083483,0.3417015342,0.3490735206,0.3626220363,0.3685993226,0.372783423,0.3787607093,0.3799561666,0.3869296673,0.395497111,0.3901175533,0.3919107392,0.3943016537,0.3925084678,0.395497111,0.3972902969,0.3976887826,0.3978880255,0.3980872684,0.3978880255,0.3994819685,0.4026698546,0.40027894,0.3943016537,0.3966925682,0.4010759115,0.3992827256,0.4000796972,0.3956963539,0.3909145248,0.3891213389,0.3907152819,0.387328153,0.3881251245,0.3925084678,0.3929069536,0.3956963539,0.3943016537,0.3976887826,0.397091054,0.3905160391,0.393903168,0.3895198247,0.3791591951,0.3785614664,0.369595537,0.3560470213,0.3211795178,0.2958756724,0.2779438135,0.2546323969,0.2323171947,0.2072125921,,0.29,0.7142857143,0.2085883168,
,0,2,,0.04,0.03,0.03,0.02,0.02,0.01,0.01036062961,0.009165172345,0.006176529189,0.004981071927,0.004383343295,0.004383343295,0.003586371787,0.00338712891,0.003187886033,0.003187886033,0.003187886033,0.003187886033,0.002789400279,0.002191671648,0.002590157402,0.002789400279,0.002590157402,0.002789400279,0.001394700139,0.001394700139,0.002191671648,0.002789400279,0.002390914525,0.002390914525,0.004582586173,0.00677425782,0.007770472206,0.008965929468,0.009364415222,0.01434548715,0.02630005977,0.03307431759,0.04044630404,0.06176529189,0.07112970711,0.08786610879,0.1301055987,0.1444510859,0.1581988444,0.179916318,0.1839011755,0.1848973899,0.1978481769,0.1932655908,0.1860928472,0.1785216179,0.1591950588,0.1484359434,0.1508268579,0.1494321578,0.1394700139,0.1303048416,0.1269177127,0.124726041,0.121538155,0.1205419406,0.1175532975,0.1153616258,0.111775254,0.1059972106,0.1065949392,0.1083881251,0.1083881251,0.1077903965,0.1089858538,0.1109782825,0.1145646543,0.1237298267,0.1245267982,0.1291093843,0.1287108986,0.1301055987,0.1269177127,0.1267184698,0.1237298267,0.1191472405,0.1135684399,0.1063956964,0.1032078103,0.10041841,0.1036062961,0.1034070532,0.1030085674,0.1028093246,0.103805539,0.1071926679,0.1151623829,0.1293086272,0.1396692568,0.1456465431,0.1667662881,0.17174736,0.1821079896,0.1878860331,0.194461048,0.205817892,0.2181709504,0.2293285515,0.2458657103,0.2554293684,0.2645945407,0.2717672843,0.2857142857,0.2962741582,0.303048416,0.29986053,0.3000597729,0.301454473,0.3040446304,0.3086272166,0.3050408448,0.303048416,0.3056385734,0.303048416,0.3140067743,0.3177923889,0.3177923889,0.3227734608,0.3213787607,0.3219764893,0.3249651325,0.3259613469,0.3283522614,0.3279537757,0.325762104,0.3098226738,0.2769475991,0.2693763698,0.256027097,0.2245467225,0.202630006,0.17174736,0.1350866707,0.1171548117,0.1010161387,0.07810320781,0.06933652122,0.05419406256,,0.14,0.7142857143,0.09756674636,0.4719200211
,0,3,,0.01,0.00,0.00,0.00,0.00,0.00,0.0005977286312,0.0005977286312,0.0003984857541,0.0001992428771,0.0001992428771,0.0001992428771,0,0,0,0,0,0,0,0,0.0001992428771,0,0,0,0.0001992428771,0.0001992428771,0.0001992428771,0.0001992428771,0.0001992428771,0.0001992428771,0.0001992428771,0.0001992428771,0.0001992428771,0,0.0005977286312,0.0005977286312,0.0005977286312,0.001992428771,0.003785614664,0.00478182905,0.008368200837,0.01115760112,0.03028491731,0.03666068938,0.04522813309,0.05220163379,0.05339709105,0.05479179119,0.05479179119,0.04941223351,0.03865311815,0.02351065949,0.01813110181,0.01534170153,0.01434548715,0.01593943017,0.01613867304,0.01713488743,0.0165371588,0.01554094441,0.01414624427,0.01534170153,0.01534170153,0.01354851564,0.01275154413,0.01255230126,0.01315002989,0.01295078701,0.01195457262,0.01235305838,0.01295078701,0.01135684399,0.0121538155,0.01155608687,0.01315002989,0.01315002989,0.01315002989,0.01155608687,0.01055987248,0.01095835824,0.009762900976,0.009962143853,0.01036062961,0.01016138673,0.008965929468,0.009364415222,0.009563658099,0.008567443714,0.009364415222,0.00816895796,0.008567443714,0.01016138673,0.01414624427,0.01852958757,0.02311217374,0.02789400279,0.03068340307,0.03666068938,0.03666068938,0.04144251843,0.04582586173,0.05020920502,0.05459254832,0.06076907751,0.06216377764,0.06973500697,0.07093046424,0.07431759315,0.0773062363,0.07929866507,0.0790994222,0.08248655111,0.08089260809,0.07949790795,0.08248655111,0.0816895796,0.08248655111,0.08388125125,0.08149033672,0.08188882247,0.08049412234,0.08089260809,0.08268579398,0.08069336521,0.08268579398,0.08149033672,0.07611077904,0.0747160789,0.07611077904,0.07192667862,0.07152819287,0.0625622634,0.05180314804,0.04821677625,0.04542737597,0.03905160391,0.03426977486,0.03008567444,0.02072125921,0.01813110181,0.01115760112,0.01016138673,0.007172743574,0.006575014943,,0.03,0.7142857143,0.01945879468,
,0,4,,0.00,0.00,0.00,0.00,0.00,0.00,0.0001992428771,0.0001992428771,0.0001992428771,0.0001992428771,0.0001992428771,0.0001992428771,0.0001992428771,0.0001992428771,0.0001992428771,0.0001992428771,0.0001992428771,0.0001992428771,0.0001992428771,0.0001992428771,0,0,0,0,0,0,0,0,0,0,0,0,0,0.0001992428771,0,0,0,0,0,0.0005977286312,0.0007969715083,0.001593943017,0.005578800558,0.008965929468,0.01195457262,0.01534170153,0.01454473003,0.01315002989,0.01195457262,0.01175532975,0.006176529189,0.005379557681,0.00338712891,0.002390914525,0.002590157402,0.002590157402,0.00338712891,0.002988643156,0.002390914525,0.001992428771,0.002390914525,0.001992428771,0.002191671648,0.002191671648,0.002390914525,0.001992428771,0.001793185894,0.001593943017,0.001593943017,0.001793185894,0.001593943017,0.001992428771,0.001593943017,0.001992428771,0.002191671648,0.001793185894,0.001593943017,0.0009962143853,0.002191671648,0.002789400279,0.002789400279,0.001992428771,0.001593943017,0.001195457262,0.002191671648,0.002191671648,0.002191671648,0.002191671648,0.002191671648,0.002191671648,0.002390914525,0.001992428771,0.002191671648,0.00338712891,0.005180314804,0.005778043435,0.01016138673,0.009762900976,0.009563658099,0.009165172345,0.009364415222,0.009762900976,0.01354851564,0.0147439729,0.01494321578,0.01613867304,0.01753337318,0.01932655908,0.02072125921,0.02271368799,0.02470611676,0.024307631,0.02570233114,0.02530384539,0.02271368799,0.02111974497,0.02231520223,0.02470611676,0.0261008169,0.0261008169,0.02510460251,0.02769475991,0.02530384539,0.02630005977,0.02630005977,0.02530384539,0.02630005977,0.02829248854,0.02450687388,0.02470611676,0.02271368799,0.01753337318,0.01315002989,0.01255230126,0.009364415222,0.008567443714,0.005977286312,0.005379557681,0.004184100418,0.002390914525,0.002988643156,0.001992428771,0.001195457262,0.0007969715083,,0.01,0.7142857143,0.005084844258,
,0,5,,0.00,0.00,0.00,0.00,0.00,0.00,0,0,0,0,0,0,0,0,0,0,0,0,0,0,0,0,0,0,0,0,0,0,0,0,0,0,0,0,0,0,0,0,0,0,0.0001992428771,0.0001992428771,0.001593943017,0.001394700139,0.001992428771,0.003586371787,0.004184100418,0.003187886033,0.003187886033,0.002789400279,0.002191671648,0.0005977286312,0.0003984857541,0.0001992428771,0.0007969715083,0.0007969715083,0.0005977286312,0.0003984857541,0.0005977286312,0.0007969715083,0.0009962143853,0.001195457262,0.001195457262,0.0009962143853,0.0009962143853,0.001195457262,0.001195457262,0.0007969715083,0.0007969715083,0.0007969715083,0.0007969715083,0.0005977286312,0.0005977286312,0.0005977286312,0.0005977286312,0.0007969715083,0.0007969715083,0.0007969715083,0.0007969715083,0.0005977286312,0.0005977286312,0.0005977286312,0.0003984857541,0.0003984857541,0.0003984857541,0.0003984857541,0.0003984857541,0.0007969715083,0.0005977286312,0.0007969715083,0.0001992428771,0.0003984857541,0.0003984857541,0.0007969715083,0.0005977286312,0.001195457262,0.001195457262,0.001793185894,0.002191671648,0.003187886033,0.004184100418,0.004383343295,0.004383343295,0.004981071927,0.005379557681,0.005180314804,0.005578800558,0.005578800558,0.005778043435,0.005578800558,0.006176529189,0.006973500697,0.007172743574,0.006176529189,0.005379557681,0.005578800558,0.005180314804,0.005180314804,0.004981071927,0.004383343295,0.00478182905,0.004981071927,0.005379557681,0.005578800558,0.005778043435,0.004981071927,0.004981071927,0.004582586173,0.004383343295,0.00338712891,0.002789400279,0.002789400279,0.002590157402,0.002590157402,0.002390914525,0.001593943017,0.001992428771,0.001793185894,0.0009962143853,0.0009962143853,0.0005977286312,0.0005977286312,0.0005977286312,0.0005977286312,,0.00,0.7142857143,0.001222536899,
,1,0,,0.74,0.77,0.79,0.81,0.83,0.84,0.8736548426,0.8850139498,0.8919888402,0.9009565564,0.9065364687,0.9103228378,0.9182941411,0.9228776405,0.9272618573,0.9324432045,0.9354324432,0.9384216819,0.9420087684,0.946990833,0.9507772021,0.9525707453,0.9531685931,0.9555599841,0.9609406138,0.9599442009,0.9575528099,0.9567556796,0.9551614189,0.9503786369,0.9430051813,0.9410123555,0.9380231168,0.9300518135,0.9282582702,0.9176962933,0.8945795138,0.8889996014,0.8784376246,0.8561179753,0.8389796732,0.8076923077,0.7160223196,0.6927062575,0.6586289358,0.5992427262,0.5723395775,0.5286966919,0.4523714627,0.4153049024,0.389198884,0.352929454,0.3405739338,0.3220406536,0.2945396572,0.2785970506,0.2752092467,0.2690314866,0.2787963332,0.2843762455,0.2937425269,0.2989238741,0.308489438,0.3122758071,0.3192506975,0.3294141092,0.3383818254,0.3431646074,0.3495416501,0.3527301714,0.3581108011,0.3622957354,0.3605021921,0.3537265843,0.3515344759,0.3489438023,0.3509366281,0.3535273017,0.359107214,0.3579115185,0.3618971702,0.3714627342,0.3790354723,0.3870067756,0.3989637306,0.3983658828,0.4003587086,0.4021522519,0.40354723,0.4047429255,0.4067357513,0.4021522519,0.3965723396,0.3870067756,0.3824232762,0.3772419291,0.3531287365,0.3453567158,0.3363889996,0.3220406536,0.3166600239,0.3090872858,0.2865683539,0.2740135512,0.262654444,0.2562774014,0.2502989239,0.2415304902,0.2341570347,0.2273814269,0.2251893185,0.2237943404,0.2210043842,0.2204065365,0.2204065365,0.2170187326,0.2174172977,0.2218015145,0.2237943404,0.2247907533,0.2285771224,0.227779992,0.2275807094,0.2223993623,0.2222000797,0.2212036668,0.2243921881,0.2243921881,0.225388601,0.2283778398,0.2317656437,0.2598644878,0.3009166999,0.3184535672,0.3403746513,0.3670785173,0.3876046234,0.4328417696,0.5049820646,0.5512156238,0.5819051415,0.6151853328,0.6506576325,0.6893184536,,0.51,0.2857142857,0.1456996875,
,1,1,,0.1944998007,0.18,0.16,0.15,0.14,0.13,0.106018334,0.09724990036,0.09206855321,0.08449581507,0.08031088083,0.07991231566,0.0725388601,0.06855320845,0.06536468713,0.05938620965,0.05858907931,0.05659625349,0.05380629733,0.05021921084,0.04703068952,0.04503786369,0.04463929853,0.04244719012,0.03666799522,0.03726584297,0.03925866879,0.03985651654,0.04105221204,0.04623355919,0.05241131925,0.05360701475,0.05699481865,0.0645675568,0.06576325229,0.07532881626,0.09585492228,0.1008369868,0.108409725,0.1271422878,0.1400956556,0.1654045436,0.2273814269,0.2399362296,0.2628537266,0.2967317656,0.3074930251,0.3326026305,0.3680749303,0.3798326026,0.389198884,0.4017536867,0.4029493822,0.4055400558,0.4015544041,0.4055400558,0.4021522519,0.3953766441,0.391590275,0.3943802312,0.3848146672,0.378238342,0.3774412116,0.3750498206,0.3744519729,0.3766440813,0.3746512555,0.3670785173,0.3666799522,0.3700677561,0.3652849741,0.3620964528,0.3555201275,0.3537265843,0.3503387804,0.3541251495,0.3513351933,0.3521323236,0.3425667597,0.345755281,0.34336389,0.3413710642,0.3389796732,0.3399760861,0.3369868473,0.3345954564,0.336189717,0.3405739338,0.3439617377,0.3427660422,0.3421681945,0.3387803906,0.3447588681,0.3491430849,0.345755281,0.3493423675,0.3511359107,0.3479473894,0.3497409326,0.3513351933,0.3487445197,0.3479473894,0.3541251495,0.3573136708,0.3579115185,0.3607014747,0.3603029095,0.3616978876,0.3579115185,0.3571143882,0.3595057792,0.3557194101,0.3589079314,0.3563172579,0.3511359107,0.3517337585,0.3523316062,0.3535273017,0.3527301714,0.3497409326,0.3469509765,0.3449581507,0.345755281,0.3471502591,0.348146672,0.3513351933,0.3531287365,0.3527301714,0.3527301714,0.3569151056,0.3583100837,0.357712236,0.3597050618,0.3535273017,0.356715823,0.3539258669,0.3527301714,0.336189717,0.3088880032,0.2847748107,0.2726185731,0.2658429653,0.2477082503,0.2265842965,,0.27,0.2857142857,0.07756204647,
,1,2,,0.05340773216,0.04,0.04,0.03,0.03,0.03,0.01753686728,0.01534475887,0.01414906337,0.01255480271,0.01096054205,0.008369868473,0.007971303308,0.007572738143,0.006377042646,0.007572738143,0.005579912316,0.004982064568,0.004184934237,0.002789956158,0.00219210841,0.002391390992,0.00219210841,0.001992825827,0.001992825827,0.002391390992,0.002989238741,0.002789956158,0.003188521323,0.002989238741,0.003985651654,0.004982064568,0.004583499402,0.004583499402,0.00518134715,0.006377042646,0.009366281387,0.009764846552,0.01295336788,0.01594260662,0.01992825827,0.02550817059,0.05201275409,0.06038262256,0.06974890395,0.09166998804,0.1056197688,0.1219609406,0.1530490235,0.1713830211,0.1829414109,0.2002789956,0.2082502989,0.2223993623,0.2417297728,0.2500996413,0.2540852929,0.2596652053,0.2548824233,0.2457154245,0.2427261857,0.2437225986,0.2341570347,0.2381426863,0.2317656437,0.2227979275,0.2180151455,0.2206058191,0.2170187326,0.2092467118,0.2088481467,0.2080510163,0.2160223196,0.223993623,0.2293742527,0.2265842965,0.2267835791,0.2255878836,0.2283778398,0.2245914707,0.2227979275,0.2196094061,0.2156237545,0.2060581905,0.197688322,0.2030689518,0.2026703866,0.1972897569,0.1931048226,0.1941012356,0.1929055401,0.1994818653,0.1988840175,0.2026703866,0.2086488641,0.2062574731,0.2241929055,0.2321642088,0.2371462734,0.2461139896,0.2514946194,0.2588680749,0.265045835,0.269828617,0.2772020725,0.2785970506,0.2835791152,0.2907532882,0.2971303308,0.2977281786,0.2971303308,0.3003188521,0.3007174173,0.3039059386,0.3068951774,0.308489438,0.3049023515,0.3021123954,0.302311678,0.3041052212,0.3062973296,0.3068951774,0.3056994819,0.3100836987,0.3090872858,0.3080908729,0.310880829,0.3136707852,0.3148664807,0.3106815464,0.3098844161,0.295137505,0.2682343563,0.2612594659,0.2415304902,0.2267835791,0.2124352332,0.1889198884,0.154244719,0.1383021124,0.1253487445,0.1020326823,0.08648864089,0.07174172977,,0.17,0.2857142857,0.04745100179,
,1,3,,0.008967716222,0.01,0.01,0.01,0.00,0.00,0.002391390992,0.001992825827,0.001195695496,0.001793543244,0.001793543244,0.001195695496,0.0009964129135,0.0007971303308,0.0007971303308,0.0003985651654,0.0003985651654,0,0,0,0,0,0,0,0.0001992825827,0.0001992825827,0,0.0003985651654,0.0003985651654,0.0001992825827,0.0003985651654,0.0003985651654,0.0003985651654,0.0007971303308,0.0005978477481,0.0003985651654,0.0001992825827,0.0001992825827,0.0001992825827,0.0007971303308,0.0009964129135,0.001195695496,0.003985651654,0.005380629733,0.007174172977,0.0103626943,0.01315265046,0.01434834595,0.02152251893,0.02670386608,0.03029095257,0.03387803906,0.03487445197,0.03587086489,0.04463929853,0.04703068952,0.04862495018,0.05380629733,0.05440414508,0.05579912316,0.05958549223,0.05918692706,0.06197688322,0.05559984057,0.05719410124,0.05440414508,0.053009167,0.05280988442,0.05001992826,0.0518134715,0.05101634117,0.053009167,0.05280988442,0.0518134715,0.05320844958,0.05241131925,0.05261060183,0.05161418892,0.04962136309,0.0518134715,0.05221203667,0.04982064568,0.0484256676,0.05041849342,0.05121562375,0.04663212435,0.04384216819,0.04444001594,0.04463929853,0.04463929853,0.04324432045,0.04324432045,0.04404145078,0.04364288561,0.04583499402,0.04922279793,0.05201275409,0.053009167,0.05559984057,0.05898764448,0.06078118772,0.06038262256,0.06775607812,0.06875249103,0.07114388202,0.07233957752,0.07273814269,0.0737345556,0.07632522917,0.08051016341,0.07971303308,0.07931446792,0.07791948984,0.07732164209,0.0795137505,0.07991231566,0.08250298924,0.08031088083,0.07991231566,0.08090872858,0.07871662017,0.08090872858,0.08190514149,0.08031088083,0.08110801116,0.08031088083,0.07433240335,0.07273814269,0.07174172977,0.07074531686,0.07034675169,0.06396970905,0.05320844958,0.04982064568,0.04643284177,0.04045436429,0.03746512555,0.03507373456,0.02630530092,0.02132323635,0.01634117178,0.01355121562,0.01215623754,0.009964129135,,0.04,0.2857142857,0.01073951236,
,1,4,,0.001394978079,0.00,0.00,0.00,0.00,0.00,0.0003985651654,0.0003985651654,0.0005978477481,0.0001992825827,0.0003985651654,0.0001992825827,0.0001992825827,0.0001992825827,0.0001992825827,0.0001992825827,0,0,0,0,0,0,0,0,0.0001992825827,0.0001992825827,0.0001992825827,0.0001992825827,0.0001992825827,0.0001992825827,0.0001992825827,0,0,0,0.0001992825827,0.0001992825827,0,0.0001992825827,0,0,0,0.0001992825827,0.0005978477481,0.001394978079,0.001594260662,0.001793543244,0.0009964129135,0.001992825827,0.004583499402,0.005978477481,0.00737345556,0.00956556397,0.01096054205,0.0115583898,0.01474691112,0.01574332403,0.01634117178,0.0173375847,0.01594260662,0.0161418892,0.01594260662,0.01673973695,0.0149461937,0.01634117178,0.01454762854,0.01414906337,0.01355121562,0.01394978079,0.01454762854,0.01355121562,0.01414906337,0.01195695496,0.0115583898,0.01335193304,0.01175767238,0.01414906337,0.01454762854,0.01315265046,0.01634117178,0.01594260662,0.01594260662,0.01335193304,0.01394978079,0.01275408529,0.01215623754,0.01474691112,0.01434834595,0.01375049821,0.01235552013,0.01175767238,0.01295336788,0.01434834595,0.01414906337,0.01594260662,0.01534475887,0.01574332403,0.01673973695,0.01813471503,0.01753686728,0.01773614986,0.01833399761,0.01992825827,0.02311677959,0.02630530092,0.02690314866,0.02670386608,0.02690314866,0.0265045835,0.02730171383,0.02969310482,0.03088880032,0.03387803906,0.03487445197,0.03467516939,0.03328019131,0.03387803906,0.03407732164,0.03308090873,0.03248306098,0.03188521323,0.03148664807,0.03168593065,0.03128736548,0.03088880032,0.02969310482,0.03088880032,0.02949382224,0.02969310482,0.02869669191,0.02750099641,0.02391390992,0.0195296931,0.0149461937,0.01434834595,0.01275408529,0.01016341172,0.007971303308,0.005579912316,0.004583499402,0.003387803906,0.002789956158,0.002391390992,0.001793543244,0.001394978079,,0.01,0.2857142857,0.003489817609,
,1,5,,0.0005978477481,0.00,0.00,0.00,0.00,0.00,0,0,0,0,0,0,0,0,0,0,0,0,0,0,0,0,0,0,0,0,0,0,0,0,0,0,0,0,0,0,0,0,0,0,0,0,0,0.0001992825827,0,0.0001992825827,0.0003985651654,0.0003985651654,0.0003985651654,0.0007971303308,0.0009964129135,0.001594260662,0.002391390992,0.002590673575,0.002590673575,0.002789956158,0.003387803906,0.004583499402,0.004384216819,0.003587086489,0.003188521323,0.003188521323,0.002989238741,0.002590673575,0.002789956158,0.002590673575,0.00219210841,0.002391390992,0.00219210841,0.002590673575,0.002590673575,0.002590673575,0.003587086489,0.003387803906,0.003587086489,0.003786369071,0.003786369071,0.003985651654,0.003985651654,0.003786369071,0.003587086489,0.003985651654,0.003786369071,0.003587086489,0.002789956158,0.002391390992,0.002391390992,0.001793543244,0.00219210841,0.001793543244,0.001992825827,0.001992825827,0.001594260662,0.001594260662,0.001992825827,0.00219210841,0.002789956158,0.003387803906,0.003587086489,0.003786369071,0.003985651654,0.003786369071,0.003188521323,0.003587086489,0.003985651654,0.00518134715,0.005978477481,0.005579912316,0.007174172977,0.007572738143,0.007572738143,0.006974890395,0.006576325229,0.00737345556,0.008768433639,0.008967716222,0.008768433639,0.009166998804,0.008768433639,0.008569151056,0.007772020725,0.007572738143,0.007572738143,0.008768433639,0.009366281387,0.007772020725,0.00737345556,0.006576325229,0.006576325229,0.005779194898,0.005779194898,0.003786369071,0.002789956158,0.002391390992,0.001992825827,0.001394978079,0.001594260662,0.001394978079,0.0009964129135,0.0009964129135,0.0009964129135,0.0009964129135,0.001195695496,0.0009964129135,,0.00,0.2857142857,0.00075640393,
,,,,,,,,,,,,,,,,,,,,,,,,,,,,,,,,,,,,,,,,,,,,,,,,,,,,,,,,,,,,,,,,,,,,,,,,,,,,,,,,,,,,,,,,,,,,,,,,,,,,,,,,,,,,,,,,,,,,,,,,,,,,,,,,,,,,,,,,,,,,,,,,,,,,,,,,
,,,Activity probability distributions ,"Taking into account day type and active occupancy probability distributions. i.e. the average probability that at least one occupant is performing this activity in a given ten minute interval, regardless of type of dwelling or type of day",,,,,,,,,,,,,,,,,,,,,,,,,,,,,,,,,,,,,,,,,,,,,,,,,,,,,,,,,,,,,,,,,,,,,,,,,,,,,,,,,,,,,,,,,,,,,,,,,,,,,,,,,,,,,,,,,,,,,,,,,,,,,,,,,,,,,,,,,,,,,,,,,,,,
,,,,Ten-minute period number,,,,,,,,,,,,,,,,,,,,,,,,,,,,,,,,,,,,,,,,,,,,,,,,,,,,,,,,,,,,,,,,,,,,,,,,,,,,,,,,,,,,,,,,,,,,,,,,,,,,,,,,,,,,,,,,,,,,,,,,,,,,,,,,,,,,,,,,,,,,,,,,,,,,
,,,Activity,1,2,3,4,5,6,7,8,9,10,11,12,13,14,15,16,17,18,19,20,21,22,23,24,25,26,27,28,29,30,31,32,33,34,35,36,37,38,39,40,41,42,43,44,45,46,47,48,49,50,51,52,53,54,55,56,57,58,59,60,61,62,63,64,65,66,67,68,69,70,71,72,73,74,75,76,77,78,79,80,81,82,83,84,85,86,87,88,89,90,91,92,93,94,95,96,97,98,99,100,101,102,103,104,105,106,107,108,109,110,111,112,113,114,115,116,117,118,119,120,121,122,123,124,125,126,127,128,129,130,131,132,133,134,135,136,137,138,139,140,141,142,143,144,,,,,
,,,Act_TV,0.09,0.08,0.07,0.06,0.06,0.05,0.03,0.03,0.03,0.02,0.02,0.02,0.01,0.01,0.01,0.01,0.01,0.01,0.01,0.01,0.01,0.01,0.01,0.00,0.01,0.01,0.00,0.01,0.01,0.00,0.00,0.00,0.01,0.01,0.01,0.01,0.01,0.01,0.01,0.01,0.02,0.01,0.02,0.03,0.04,0.04,0.05,0.06,0.06,0.06,0.06,0.06,0.06,0.06,0.06,0.07,0.07,0.07,0.08,0.08,0.07,0.08,0.08,0.08,0.08,0.08,0.08,0.08,0.08,0.08,0.08,0.08,0.07,0.08,0.08,0.08,0.09,0.09,0.10,0.10,0.11,0.11,0.11,0.11,0.11,0.11,0.12,0.12,0.12,0.12,0.11,0.12,0.13,0.14,0.15,0.16,0.17,0.18,0.19,0.20,0.20,0.20,0.19,0.20,0.22,0.23,0.24,0.25,0.26,0.28,0.30,0.30,0.31,0.32,0.36,0.38,0.41,0.44,0.45,0.46,0.47,0.49,0.50,0.51,0.52,0.53,0.53,0.54,0.55,0.55,0.55,0.51,0.43,0.43,0.41,0.37,0.35,0.31,0.24,0.21,0.19,0.15,0.13,0.12,,,,,
,,,Act_Cooking,0.01,0.01,0.00,0.00,0.00,0.00,0.00,0.00,0.00,0.00,0.00,0.00,0.00,0.00,0.00,0.00,0.00,0.00,0.00,0.00,0.00,0.00,0.00,0.00,0.00,0.00,0.00,0.00,0.00,0.01,0.01,0.01,0.01,0.01,0.01,0.01,0.02,0.03,0.03,0.05,0.05,0.06,0.08,0.09,0.09,0.11,0.12,0.12,0.12,0.12,0.11,0.11,0.10,0.10,0.10,0.10,0.09,0.09,0.08,0.08,0.07,0.06,0.06,0.06,0.06,0.06,0.06,0.06,0.06,0.07,0.08,0.09,0.11,0.11,0.11,0.11,0.12,0.12,0.12,0.09,0.09,0.08,0.08,0.07,0.08,0.07,0.06,0.06,0.06,0.05,0.06,0.06,0.06,0.07,0.08,0.09,0.12,0.12,0.12,0.14,0.15,0.18,0.20,0.20,0.20,0.21,0.21,0.20,0.20,0.19,0.18,0.18,0.17,0.16,0.14,0.13,0.11,0.10,0.08,0.08,0.07,0.07,0.06,0.06,0.06,0.06,0.06,0.05,0.05,0.04,0.04,0.04,0.05,0.04,0.03,0.03,0.02,0.02,0.02,0.02,0.01,0.01,0.01,0.01,,,,,
,,,Act_Laundry,0.00,0.00,0.00,0.00,0.00,0.00,0.00,0.00,0.00,0.00,0.00,0.00,0.00,0.00,0.00,0.00,0.00,0.00,0.00,0.00,0.00,0.00,0.00,0.00,0.00,0.00,0.00,0.00,0.00,0.00,0.00,0.00,0.00,0.00,0.00,0.00,0.00,0.00,0.00,0.00,0.00,0.00,0.00,0.01,0.01,0.01,0.01,0.01,0.01,0.01,0.01,0.02,0.02,0.02,0.02,0.02,0.02,0.02,0.02,0.02,0.02,0.02,0.02,0.02,0.03,0.02,0.02,0.02,0.02,0.02,0.02,0.02,0.02,0.02,0.02,0.02,0.01,0.01,0.01,0.01,0.01,0.01,0.01,0.01,0.01,0.01,0.01,0.01,0.01,0.01,0.01,0.01,0.01,0.01,0.01,0.01,0.01,0.01,0.01,0.01,0.01,0.01,0.01,0.01,0.01,0.01,0.01,0.01,0.01,0.01,0.01,0.01,0.01,0.01,0.01,0.01,0.01,0.01,0.01,0.01,0.01,0.01,0.01,0.01,0.01,0.01,0.01,0.00,0.01,0.00,0.00,0.00,0.00,0.00,0.00,0.00,0.00,0.00,0.00,0.00,0.00,0.00,0.00,0.00,,,,,
,,,Act_WashDress,0.03,0.02,0.02,0.02,0.01,0.01,0.02,0.01,0.01,0.01,0.01,0.01,0.01,0.01,0.01,0.01,0.00,0.01,0.01,0.00,0.00,0.00,0.01,0.01,0.01,0.01,0.01,0.01,0.01,0.02,0.03,0.02,0.02,0.03,0.03,0.04,0.07,0.08,0.08,0.10,0.12,0.14,0.22,0.22,0.23,0.24,0.23,0.23,0.25,0.23,0.21,0.19,0.16,0.14,0.15,0.14,0.12,0.11,0.10,0.10,0.10,0.09,0.07,0.07,0.06,0.05,0.06,0.05,0.05,0.05,0.05,0.04,0.04,0.03,0.03,0.03,0.03,0.03,0.03,0.03,0.03,0.02,0.02,0.02,0.02,0.02,0.02,0.02,0.02,0.02,0.02,0.02,0.02,0.02,0.02,0.02,0.03,0.03,0.03,0.03,0.03,0.03,0.04,0.04,0.04,0.04,0.05,0.05,0.06,0.06,0.07,0.07,0.07,0.07,0.08,0.08,0.07,0.07,0.07,0.06,0.07,0.07,0.06,0.07,0.07,0.07,0.08,0.07,0.07,0.07,0.07,0.08,0.11,0.09,0.08,0.08,0.08,0.07,0.08,0.06,0.04,0.05,0.04,0.03,,,,,
,,,Act_Iron,0.00,0.00,0.00,0.00,0.00,0.00,0.00,0.00,0.00,0.00,0.00,0.00,0.00,0.00,0.00,0.00,0.00,0.00,0.00,0.00,0.00,0.00,0.00,0.00,0.00,0.00,0.00,0.00,0.00,0.00,0.00,0.00,0.00,0.00,0.00,0.00,0.00,0.00,0.00,0.00,0.00,0.00,0.00,0.00,0.00,0.00,0.01,0.00,0.00,0.00,0.00,0.00,0.00,0.01,0.01,0.01,0.01,0.01,0.01,0.01,0.01,0.01,0.01,0.02,0.02,0.02,0.02,0.02,0.02,0.02,0.02,0.01,0.01,0.01,0.01,0.01,0.01,0.01,0.01,0.01,0.01,0.01,0.01,0.02,0.02,0.02,0.02,0.02,0.02,0.02,0.02,0.02,0.02,0.02,0.02,0.02,0.02,0.02,0.02,0.02,0.02,0.02,0.01,0.01,0.01,0.01,0.01,0.01,0.01,0.01,0.01,0.01,0.01,0.01,0.01,0.02,0.02,0.02,0.02,0.02,0.02,0.02,0.02,0.02,0.02,0.02,0.01,0.01,0.01,0.01,0.01,0.01,0.01,0.01,0.01,0.00,0.00,0.00,0.00,0.00,0.00,0.00,0.00,0.00,,,,,
,,,Act_HouseClean,0.00,0.00,0.00,0.00,0.00,0.00,0.00,0.00,0.00,0.00,0.00,0.00,0.00,0.00,0.00,0.00,0.00,0.00,0.00,0.00,0.00,0.00,0.00,0.00,0.00,0.00,0.00,0.00,0.00,0.00,0.00,0.00,0.00,0.00,0.00,0.00,0.00,0.00,0.00,0.01,0.01,0.01,0.01,0.02,0.02,0.02,0.03,0.03,0.04,0.05,0.06,0.07,0.08,0.08,0.09,0.11,0.11,0.12,0.13,0.12,0.12,0.12,0.12,0.12,0.12,0.11,0.10,0.10,0.09,0.09,0.08,0.08,0.06,0.06,0.05,0.05,0.05,0.04,0.04,0.04,0.04,0.05,0.05,0.05,0.05,0.05,0.05,0.05,0.04,0.04,0.04,0.04,0.04,0.03,0.03,0.03,0.03,0.03,0.03,0.03,0.03,0.03,0.03,0.03,0.03,0.03,0.03,0.03,0.03,0.03,0.03,0.03,0.03,0.03,0.02,0.03,0.02,0.02,0.02,0.02,0.02,0.02,0.02,0.02,0.02,0.01,0.02,0.01,0.01,0.01,0.01,0.01,0.01,0.01,0.01,0.01,0.01,0.01,0.00,0.00,0.00,0.00,0.00,0.00,,,,,