,Clearness Index Transition Probability Matrix,,,,,,,,,,,,,,,,,,,,,,,,,,,,,,,,,,,,,,,,,,,,,,,,,,,,,,,,,,,,,,,,,,,,,,,,,,,,,,,,,,,,,,,,,,,,,,,,,,,,,
,,,,,,,,,,,,,,,,,,,,,,,,,,,,,,,,,,,,,,,,,,,,,,,,,,,,,,,,,,,,,,,,,,,,,,,,,,,,,,,,,,,,,,,,,,,,,,,,,,,,,,
,"Constructed from global irradiance data from the CREST irradiance database, measured at Loughborough University in 2007.",,,,,,,,,,,,,,,,,,,,,,,,,,,,,,,,,,,,,,,,,,,,,,,,,,,,,,,,,,,,,,,,,,,,,,,,,,,,,,,,,,,,,,,,,,,,,,,,,,,,,
,,,,,,,,,,,,,,,,,,,,,,,,,,,,,,,,,,,,,,,,,,,,,,,,,,,,,,,,,,,,,,,,,,,,,,,,,,,,,,,,,,,,,,,,,,,,,,,,,,,,,,
,"Probability distributions for the tranistions from one global clearness to another at a bin resolution of 0.01, for one-minute resolution transitions.",,,,,,,,,,,,,,,,,,,,,,,,,,,,,,,,,,,,,,,,,,,,,,,,,,,,,,,,,,,,,,,,,,,,,,,,,,,,,,,,,,,,,,,,,,,,,,,,,,,,,
,,,,,,,,,,,,,,,,,,,,,,,,,,,,,,,,,,,,,,,,,,,,,,,,,,,,,,,,,,,,,,,,,,,,,,,,,,,,,,,,,,,,,,,,,,,,,,,,,,,,,,
,,,,,,,,,,,,,,,,,,,,,,,,,,,,,,,,,,,,,,,,,,,,,,,,,,,,,,,,,,,,,,,,,,,,,,,,,,,,,,,,,,,,,,,,,,,,,,,,,,,,,,
,,,,,,,,,,,,,,,,,,,,,,,,,,,,,,,,,,,,,,,,,,,,,,,,,,,,,,,,,,,,,,,,,,,,,,,,,,,,,,,,,,,,,,,,,,,,,,,,,,,,,,
,,0.01,0.02,0.03,0.04,0.05,0.06,0.07,0.08,0.09,0.1,0.11,0.12,0.13,0.14,0.15,0.16,0.17,0.18,0.19,0.2,0.21,0.22,0.23,0.24,0.25,0.26,0.27,0.28,0.29,0.3,0.31,0.32,0.33,0.34,0.35,0.36,0.37,0.38,0.39,0.4,0.41,0.42,0.43,0.44,0.45,0.46,0.47,0.48,0.49,0.5,0.51,0.52,0.53,0.54,0.55,0.56,0.57,0.58,0.59,0.6,0.61,0.62,0.63,0.64,0.65,0.66,0.67,0.68,0.69,0.7,0.71,0.72,0.73,0.74,0.75,0.76,0.77,0.78,0.79,0.8,0.81,0.82,0.83,0.84,0.85,0.86,0.87,0.88,0.89,0.9,0.91,0.92,0.93,0.94,0.95,0.96,0.97,0.98,0.99,1,Clear
,0.01,0.000,0.000,0.000,0.000,0.000,0.000,0.000,0.000,0.000,0.000,0.000,0.000,0.000,0.000,0.000,0.000,0.000,0.000,0.000,0.000,0.000,0.000,0.000,0.000,0.000,0.000,0.000,0.000,0.000,0.000,0.000,0.000,0.000,0.000,0.000,0.000,0.000,0.000,0.000,0.000,0.000,0.000,0.000,0.000,0.000,0.000,0.000,0.000,0.000,0.000,0.000,0.000,0.000,0.000,0.000,0.000,0.000,0.000,0.000,0.000,0.000,0.000,0.000,0.000,0.000,0.000,0.000,0.000,0.000,0.000,0.000,0.000,0.000,0.000,0.000,0.000,0.000,0.000,0.000,0.000,0.000,0.000,0.000,0.000,0.000,0.000,0.000,0.000,0.000,0.000,0.000,0.000,0.000,0.000,0.000,0.000,0.000,0.000,0.000,0.000,0.000
,0.02,0.000,0.667,0.333,0.000,0.000,0.000,0.000,0.000,0.000,0.000,0.000,0.000,0.000,0.000,0.000,0.000,0.000,0.000,0.000,0.000,0.000,0.000,0.000,0.000,0.000,0.000,0.000,0.000,0.000,0.000,0.000,0.000,0.000,0.000,0.000,0.000,0.000,0.000,0.000,0.000,0.000,0.000,0.000,0.000,0.000,0.000,0.000,0.000,0.000,0.000,0.000,0.000,0.000,0.000,0.000,0.000,0.000,0.000,0.000,0.000,0.000,0.000,0.000,0.000,0.000,0.000,0.000,0.000,0.000,0.000,0.000,0.000,0.000,0.000,0.000,0.000,0.000,0.000,0.000,0.000,0.000,0.000,0.000,0.000,0.000,0.000,0.000,0.000,0.000,0.000,0.000,0.000,0.000,0.000,0.000,0.000,0.000,0.000,0.000,0.000,0.000
,0.03,0.000,0.025,0.828,0.147,0.000,0.000,0.000,0.000,0.000,0.000,0.000,0.000,0.000,0.000,0.000,0.000,0.000,0.000,0.000,0.000,0.000,0.000,0.000,0.000,0.000,0.000,0.000,0.000,0.000,0.000,0.000,0.000,0.000,0.000,0.000,0.000,0.000,0.000,0.000,0.000,0.000,0.000,0.000,0.000,0.000,0.000,0.000,0.000,0.000,0.000,0.000,0.000,0.000,0.000,0.000,0.000,0.000,0.000,0.000,0.000,0.000,0.000,0.000,0.000,0.000,0.000,0.000,0.000,0.000,0.000,0.000,0.000,0.000,0.000,0.000,0.000,0.000,0.000,0.000,0.000,0.000,0.000,0.000,0.000,0.000,0.000,0.000,0.000,0.000,0.000,0.000,0.000,0.000,0.000,0.000,0.000,0.000,0.000,0.000,0.000,0.000
,0.04,0.000,0.000,0.077,0.726,0.187,0.006,0.003,0.000,0.000,0.000,0.000,0.000,0.000,0.000,0.000,0.000,0.000,0.000,0.000,0.000,0.000,0.000,0.000,0.000,0.000,0.000,0.000,0.000,0.000,0.000,0.000,0.000,0.000,0.000,0.000,0.000,0.000,0.000,0.000,0.000,0.000,0.000,0.000,0.000,0.000,0.000,0.000,0.000,0.000,0.000,0.000,0.000,0.000,0.000,0.000,0.000,0.000,0.000,0.000,0.000,0.000,0.000,0.000,0.000,0.000,0.000,0.000,0.000,0.000,0.000,0.000,0.000,0.000,0.000,0.000,0.000,0.000,0.000,0.000,0.000,0.000,0.000,0.000,0.000,0.000,0.000,0.000,0.000,0.000,0.000,0.000,0.000,0.000,0.000,0.000,0.000,0.000,0.000,0.000,0.000,0.000
,0.05,0.000,0.000,0.000,0.109,0.682,0.189,0.019,0.002,0.000,0.000,0.000,0.000,0.000,0.000,0.000,0.000,0.000,0.000,0.000,0.000,0.000,0.000,0.000,0.000,0.000,0.000,0.000,0.000,0.000,0.000,0.000,0.000,0.000,0.000,0.000,0.000,0.000,0.000,0.000,0.000,0.000,0.000,0.000,0.000,0.000,0.000,0.000,0.000,0.000,0.000,0.000,0.000,0.000,0.000,0.000,0.000,0.000,0.000,0.000,0.000,0.000,0.000,0.000,0.000,0.000,0.000,0.000,0.000,0.000,0.000,0.000,0.000,0.000,0.000,0.000,0.000,0.000,0.000,0.000,0.000,0.000,0.000,0.000,0.000,0.000,0.000,0.000,0.000,0.000,0.000,0.000,0.000,0.000,0.000,0.000,0.000,0.000,0.000,0.000,0.000,0.000
,0.06,0.000,0.000,0.000,0.005,0.137,0.634,0.185,0.024,0.011,0.001,0.000,0.000,0.001,0.000,0.000,0.000,0.000,0.000,0.000,0.000,0.000,0.000,0.000,0.000,0.000,0.000,0.000,0.000,0.000,0.000,0.000,0.000,0.000,0.000,0.000,0.000,0.000,0.000,0.000,0.000,0.000,0.000,0.000,0.000,0.000,0.000,0.000,0.000,0.000,0.000,0.000,0.000,0.000,0.000,0.000,0.000,0.000,0.000,0.000,0.000,0.000,0.000,0.000,0.000,0.000,0.000,0.000,0.000,0.000,0.000,0.000,0.000,0.000,0.000,0.000,0.000,0.000,0.000,0.000,0.000,0.000,0.000,0.000,0.000,0.000,0.000,0.000,0.000,0.000,0.000,0.000,0.000,0.000,0.000,0.000,0.000,0.000,0.000,0.000,0.000,0.000
,0.07,0.000,0.000,0.000,0.000,0.005,0.154,0.602,0.196,0.033,0.009,0.000,0.001,0.000,0.000,0.000,0.000,0.000,0.000,0.000,0.000,0.000,0.000,0.000,0.000,0.000,0.000,0.000,0.000,0.000,0.000,0.000,0.000,0.000,0.000,0.000,0.000,0.000,0.000,0.000,0.000,0.000,0.000,0.000,0.000,0.000,0.000,0.000,0.000,0.000,0.000,0.000,0.000,0.000,0.000,0.000,0.000,0.000,0.000,0.000,0.000,0.000,0.000,0.000,0.000,0.000,0.000,0.000,0.000,0.000,0.000,0.000,0.000,0.000,0.000,0.000,0.000,0.000,0.000,0.000,0.000,0.000,0.000,0.000,0.000,0.000,0.000,0.000,0.000,0.000,0.000,0.000,0.000,0.000,0.000,0.000,0.000,0.000,0.000,0.000,0.000,0.000
,0.08,0.000,0.000,0.000,0.000,0.003,0.015,0.177,0.536,0.212,0.046,0.008,0.002,0.001,0.000,0.000,0.000,0.000,0.000,0.000,0.000,0.000,0.000,0.000,0.000,0.000,0.000,0.000,0.000,0.000,0.000,0.000,0.000,0.000,0.000,0.000,0.000,0.000,0.000,0.000,0.000,0.000,0.000,0.000,0.000,0.000,0.000,0.000,0.000,0.000,0.000,0.000,0.000,0.000,0.000,0.000,0.000,0.000,0.000,0.000,0.000,0.000,0.000,0.000,0.000,0.000,0.000,0.000,0.000,0.000,0.000,0.000,0.000,0.000,0.000,0.000,0.000,0.000,0.000,0.000,0.000,0.000,0.000,0.000,0.000,0.000,0.000,0.000,0.000,0.000,0.000,0.000,0.000,0.000,0.000,0.000,0.000,0.000,0.000,0.000,0.000,0.000
,0.09,0.000,0.000,0.000,0.000,0.000,0.002,0.023,0.177,0.542,0.199,0.043,0.007,0.004,0.001,0.001,0.000,0.000,0.000,0.000,0.000,0.000,0.000,0.000,0.000,0.000,0.000,0.000,0.000,0.000,0.000,0.000,0.000,0.000,0.000,0.000,0.000,0.000,0.000,0.000,0.000,0.000,0.000,0.000,0.000,0.000,0.000,0.000,0.000,0.000,0.000,0.000,0.000,0.000,0.000,0.000,0.000,0.000,0.000,0.000,0.000,0.000,0.000,0.000,0.000,0.000,0.000,0.000,0.000,0.000,0.000,0.000,0.000,0.000,0.000,0.000,0.000,0.000,0.000,0.000,0.000,0.000,0.000,0.000,0.000,0.000,0.000,0.000,0.000,0.000,0.000,0.000,0.000,0.000,0.000,0.000,0.000,0.000,0.000,0.000,0.000,0.000
,0.1,0.000,0.000,0.000,0.000,0.000,0.001,0.006,0.026,0.195,0.497,0.216,0.040,0.014,0.003,0.001,0.001,0.000,0.001,0.000,0.000,0.000,0.000,0.000,0.000,0.000,0.000,0.000,0.000,0.000,0.000,0.000,0.000,0.000,0.000,0.000,0.000,0.000,0.000,0.000,0.000,0.000,0.000,0.000,0.000,0.000,0.000,0.000,0.000,0.000,0.000,0.000,0.000,0.000,0.000,0.000,0.000,0.000,0.000,0.000,0.000,0.000,0.000,0.000,0.000,0.000,0.000,0.000,0.000,0.000,0.000,0.000,0.000,0.000,0.000,0.000,0.000,0.000,0.000,0.000,0.000,0.000,0.000,0.000,0.000,0.000,0.000,0.000,0.000,0.000,0.000,0.000,0.000,0.000,0.000,0.000,0.000,0.000,0.000,0.000,0.000,0.000
,0.11,0.000,0.000,0.000,0.000,0.000,0.000,0.001,0.007,0.028,0.195,0.468,0.216,0.058,0.018,0.006,0.002,0.000,0.001,0.000,0.000,0.000,0.001,0.000,0.000,0.001,0.000,0.000,0.000,0.000,0.000,0.000,0.000,0.000,0.000,0.000,0.000,0.000,0.000,0.000,0.000,0.000,0.000,0.000,0.000,0.000,0.000,0.000,0.000,0.000,0.000,0.000,0.000,0.000,0.000,0.000,0.000,0.000,0.000,0.000,0.000,0.000,0.000,0.000,0.000,0.000,0.000,0.000,0.000,0.000,0.000,0.000,0.000,0.000,0.000,0.000,0.000,0.000,0.000,0.000,0.000,0.000,0.000,0.000,0.000,0.000,0.000,0.000,0.000,0.000,0.000,0.000,0.000,0.000,0.000,0.000,0.000,0.000,0.000,0.000,0.000,0.000
,0.12,0.000,0.000,0.000,0.000,0.000,0.000,0.001,0.002,0.006,0.041,0.196,0.452,0.218,0.057,0.017,0.005,0.002,0.002,0.001,0.000,0.000,0.000,0.000,0.000,0.000,0.000,0.000,0.000,0.000,0.000,0.000,0.000,0.000,0.000,0.000,0.000,0.000,0.000,0.000,0.000,0.000,0.000,0.000,0.000,0.000,0.000,0.000,0.000,0.000,0.000,0.000,0.000,0.000,0.000,0.000,0.000,0.000,0.000,0.000,0.000,0.000,0.000,0.000,0.000,0.000,0.000,0.000,0.000,0.000,0.000,0.000,0.000,0.000,0.000,0.000,0.000,0.000,0.000,0.000,0.000,0.000,0.000,0.000,0.000,0.000,0.000,0.000,0.000,0.000,0.000,0.000,0.000,0.000,0.000,0.000,0.000,0.000,0.000,0.000,0.000,0.000
,0.13,0.000,0.000,0.000,0.000,0.000,0.000,0.000,0.000,0.001,0.011,0.045,0.200,0.434,0.219,0.054,0.022,0.004,0.007,0.001,0.000,0.000,0.000,0.000,0.000,0.000,0.000,0.000,0.000,0.000,0.000,0.000,0.000,0.000,0.000,0.000,0.000,0.000,0.000,0.000,0.000,0.000,0.000,0.000,0.000,0.000,0.000,0.000,0.000,0.000,0.000,0.000,0.000,0.000,0.000,0.000,0.000,0.000,0.000,0.000,0.000,0.000,0.000,0.000,0.000,0.000,0.000,0.000,0.000,0.000,0.000,0.000,0.000,0.000,0.000,0.000,0.000,0.000,0.000,0.000,0.000,0.000,0.000,0.000,0.000,0.000,0.000,0.000,0.000,0.000,0.000,0.000,0.000,0.000,0.000,0.000,0.000,0.000,0.000,0.000,0.000,0.000
,0.14,0.000,0.000,0.000,0.000,0.000,0.000,0.000,0.000,0.000,0.001,0.011,0.043,0.199,0.447,0.195,0.070,0.018,0.009,0.003,0.001,0.001,0.000,0.000,0.000,0.000,0.000,0.000,0.000,0.000,0.000,0.000,0.000,0.000,0.000,0.000,0.000,0.000,0.000,0.000,0.000,0.000,0.000,0.000,0.000,0.000,0.000,0.000,0.000,0.000,0.000,0.000,0.000,0.000,0.000,0.000,0.000,0.000,0.000,0.000,0.000,0.000,0.000,0.000,0.000,0.000,0.000,0.000,0.000,0.000,0.000,0.000,0.000,0.000,0.000,0.000,0.000,0.000,0.000,0.000,0.000,0.000,0.000,0.000,0.000,0.000,0.000,0.000,0.000,0.000,0.000,0.000,0.000,0.000,0.000,0.000,0.000,0.000,0.000,0.000,0.000,0.000
,0.15,0.000,0.000,0.000,0.000,0.000,0.000,0.000,0.000,0.000,0.002,0.004,0.013,0.049,0.196,0.428,0.203,0.070,0.019,0.005,0.005,0.002,0.000,0.001,0.000,0.001,0.000,0.000,0.000,0.000,0.000,0.000,0.000,0.000,0.000,0.000,0.000,0.000,0.000,0.000,0.000,0.000,0.000,0.000,0.000,0.000,0.000,0.000,0.000,0.000,0.000,0.000,0.000,0.000,0.000,0.000,0.000,0.000,0.000,0.000,0.000,0.000,0.000,0.000,0.000,0.000,0.000,0.000,0.000,0.000,0.000,0.000,0.000,0.000,0.000,0.000,0.000,0.000,0.000,0.000,0.000,0.000,0.000,0.000,0.000,0.000,0.000,0.000,0.000,0.000,0.000,0.000,0.000,0.000,0.000,0.000,0.000,0.000,0.000,0.000,0.000,0.000
,0.16,0.000,0.000,0.000,0.000,0.000,0.000,0.000,0.000,0.000,0.000,0.001,0.007,0.013,0.058,0.202,0.420,0.190,0.061,0.026,0.009,0.005,0.003,0.001,0.000,0.001,0.000,0.000,0.000,0.000,0.000,0.000,0.000,0.000,0.000,0.000,0.000,0.000,0.000,0.000,0.000,0.000,0.000,0.000,0.000,0.000,0.000,0.000,0.000,0.000,0.000,0.000,0.000,0.000,0.000,0.000,0.000,0.000,0.000,0.000,0.000,0.000,0.000,0.000,0.000,0.000,0.000,0.000,0.000,0.000,0.000,0.000,0.000,0.000,0.000,0.000,0.000,0.000,0.000,0.000,0.000,0.000,0.000,0.000,0.000,0.000,0.000,0.000,0.000,0.000,0.000,0.000,0.000,0.000,0.000,0.000,0.000,0.000,0.000,0.000,0.000,0.000
,0.17,0.000,0.000,0.000,0.000,0.000,0.000,0.000,0.000,0.000,0.000,0.000,0.001,0.004,0.018,0.055,0.212,0.397,0.208,0.059,0.023,0.011,0.007,0.001,0.001,0.000,0.000,0.000,0.000,0.000,0.000,0.000,0.000,0.000,0.000,0.000,0.000,0.000,0.000,0.000,0.000,0.000,0.000,0.000,0.000,0.000,0.000,0.000,0.000,0.000,0.000,0.000,0.000,0.000,0.000,0.000,0.000,0.000,0.000,0.000,0.000,0.000,0.000,0.000,0.000,0.000,0.000,0.000,0.000,0.000,0.000,0.000,0.000,0.000,0.000,0.000,0.000,0.000,0.000,0.000,0.000,0.000,0.000,0.000,0.000,0.000,0.000,0.000,0.000,0.000,0.000,0.000,0.000,0.000,0.000,0.000,0.000,0.000,0.000,0.000,0.000,0.000
,0.18,0.000,0.000,0.000,0.000,0.000,0.000,0.000,0.000,0.000,0.000,0.000,0.001,0.002,0.004,0.024,0.058,0.199,0.374,0.198,0.086,0.023,0.015,0.005,0.003,0.002,0.001,0.001,0.000,0.000,0.001,0.000,0.000,0.000,0.000,0.000,0.000,0.000,0.000,0.000,0.000,0.000,0.000,0.000,0.000,0.000,0.000,0.000,0.000,0.000,0.000,0.000,0.000,0.000,0.000,0.000,0.000,0.000,0.000,0.000,0.000,0.000,0.000,0.000,0.000,0.000,0.000,0.000,0.000,0.000,0.000,0.000,0.000,0.000,0.000,0.000,0.000,0.000,0.000,0.000,0.000,0.000,0.000,0.000,0.000,0.000,0.000,0.000,0.000,0.000,0.000,0.000,0.000,0.000,0.000,0.000,0.000,0.000,0.000,0.000,0.000,0.000
,0.19,0.000,0.000,0.000,0.000,0.000,0.000,0.000,0.000,0.000,0.000,0.000,0.000,0.001,0.003,0.007,0.028,0.065,0.196,0.367,0.201,0.075,0.023,0.014,0.005,0.001,0.003,0.002,0.001,0.001,0.000,0.000,0.000,0.000,0.000,0.000,0.000,0.000,0.000,0.000,0.000,0.000,0.000,0.000,0.000,0.000,0.000,0.000,0.000,0.000,0.000,0.000,0.000,0.000,0.000,0.000,0.000,0.000,0.000,0.000,0.000,0.000,0.000,0.000,0.000,0.000,0.000,0.000,0.000,0.000,0.000,0.000,0.000,0.000,0.000,0.000,0.000,0.000,0.000,0.000,0.000,0.000,0.000,0.000,0.000,0.000,0.000,0.000,0.000,0.000,0.000,0.000,0.000,0.000,0.000,0.000,0.000,0.000,0.000,0.000,0.000,0.000
,0.2,0.000,0.000,0.000,0.000,0.000,0.000,0.000,0.000,0.000,0.000,0.000,0.000,0.000,0.001,0.003,0.008,0.027,0.066,0.198,0.359,0.200,0.072,0.030,0.017,0.008,0.002,0.002,0.002,0.000,0.000,0.000,0.000,0.000,0.000,0.001,0.000,0.000,0.000,0.000,0.000,0.000,0.000,0.000,0.000,0.000,0.000,0.000,0.000,0.000,0.000,0.000,0.000,0.000,0.000,0.000,0.000,0.000,0.000,0.000,0.000,0.000,0.000,0.000,0.000,0.000,0.000,0.000,0.000,0.000,0.000,0.000,0.000,0.000,0.000,0.000,0.000,0.000,0.000,0.000,0.000,0.000,0.001,0.000,0.000,0.000,0.000,0.000,0.000,0.000,0.000,0.000,0.000,0.000,0.000,0.000,0.000,0.000,0.000,0.000,0.000,0.000
,0.21,0.000,0.000,0.000,0.000,0.000,0.000,0.000,0.000,0.000,0.000,0.000,0.000,0.000,0.001,0.001,0.004,0.011,0.024,0.072,0.205,0.353,0.188,0.074,0.027,0.015,0.007,0.002,0.003,0.003,0.001,0.000,0.000,0.001,0.001,0.000,0.000,0.000,0.000,0.000,0.000,0.000,0.001,0.000,0.000,0.000,0.000,0.000,0.000,0.000,0.000,0.000,0.000,0.000,0.000,0.000,0.000,0.000,0.000,0.000,0.001,0.000,0.000,0.000,0.000,0.000,0.001,0.000,0.000,0.000,0.000,0.000,0.000,0.000,0.000,0.000,0.000,0.000,0.000,0.000,0.000,0.000,0.000,0.000,0.000,0.000,0.000,0.000,0.000,0.000,0.000,0.000,0.000,0.000,0.000,0.000,0.000,0.000,0.000,0.000,0.000,0.000
,0.22,0.000,0.000,0.000,0.000,0.000,0.000,0.000,0.000,0.000,0.000,0.000,0.000,0.000,0.000,0.001,0.002,0.004,0.010,0.029,0.064,0.208,0.313,0.193,0.085,0.036,0.018,0.013,0.004,0.003,0.001,0.001,0.000,0.001,0.001,0.000,0.000,0.000,0.000,0.001,0.000,0.000,0.000,0.000,0.000,0.001,0.001,0.000,0.001,0.000,0.000,0.000,0.000,0.000,0.000,0.000,0.000,0.000,0.000,0.000,0.000,0.000,0.000,0.000,0.000,0.000,0.000,0.000,0.000,0.000,0.000,0.000,0.000,0.000,0.000,0.000,0.000,0.000,0.000,0.000,0.000,0.000,0.000,0.000,0.000,0.000,0.001,0.000,0.000,0.000,0.000,0.000,0.000,0.000,0.000,0.000,0.000,0.000,0.000,0.000,0.000,0.000
,0.23,0.000,0.000,0.000,0.000,0.000,0.000,0.000,0.000,0.000,0.000,0.000,0.000,0.000,0.000,0.000,0.000,0.003,0.003,0.009,0.038,0.077,0.194,0.319,0.190,0.084,0.031,0.017,0.006,0.005,0.005,0.001,0.001,0.002,0.001,0.001,0.000,0.000,0.000,0.001,0.001,0.001,0.000,0.000,0.001,0.000,0.000,0.000,0.000,0.000,0.001,0.000,0.000,0.000,0.001,0.000,0.000,0.001,0.000,0.000,0.000,0.000,0.000,0.000,0.000,0.000,0.000,0.000,0.000,0.000,0.001,0.000,0.000,0.000,0.001,0.000,0.000,0.000,0.000,0.000,0.000,0.000,0.000,0.000,0.000,0.000,0.000,0.000,0.000,0.000,0.000,0.000,0.000,0.000,0.000,0.000,0.000,0.000,0.000,0.000,0.000,0.000
,0.24,0.000,0.000,0.000,0.000,0.000,0.000,0.000,0.000,0.000,0.000,0.000,0.000,0.000,0.000,0.000,0.001,0.001,0.002,0.008,0.014,0.033,0.076,0.190,0.315,0.182,0.075,0.044,0.022,0.007,0.005,0.003,0.003,0.000,0.002,0.001,0.001,0.001,0.000,0.001,0.000,0.000,0.000,0.000,0.001,0.000,0.000,0.001,0.001,0.000,0.000,0.000,0.000,0.000,0.000,0.000,0.001,0.000,0.000,0.001,0.000,0.000,0.000,0.000,0.000,0.000,0.000,0.000,0.000,0.000,0.000,0.000,0.000,0.000,0.000,0.000,0.000,0.001,0.000,0.000,0.000,0.000,0.000,0.000,0.000,0.000,0.000,0.000,0.000,0.000,0.000,0.000,0.000,0.000,0.000,0.000,0.000,0.000,0.000,0.000,0.000,0.000
,0.25,0.000,0.000,0.000,0.000,0.000,0.000,0.000,0.000,0.000,0.000,0.000,0.000,0.000,0.000,0.000,0.000,0.001,0.002,0.003,0.008,0.015,0.031,0.082,0.181,0.304,0.190,0.084,0.035,0.019,0.011,0.007,0.003,0.003,0.003,0.002,0.001,0.001,0.000,0.001,0.001,0.000,0.001,0.001,0.000,0.001,0.001,0.001,0.000,0.001,0.001,0.000,0.001,0.000,0.000,0.000,0.000,0.000,0.000,0.000,0.000,0.001,0.000,0.001,0.000,0.000,0.000,0.000,0.000,0.000,0.000,0.000,0.000,0.000,0.000,0.000,0.000,0.001,0.000,0.000,0.000,0.000,0.000,0.000,0.000,0.000,0.000,0.000,0.000,0.000,0.000,0.000,0.000,0.000,0.000,0.000,0.000,0.000,0.000,0.000,0.000,0.000
,0.26,0.000,0.000,0.000,0.000,0.000,0.000,0.000,0.000,0.000,0.000,0.000,0.000,0.000,0.000,0.000,0.000,0.000,0.001,0.002,0.001,0.003,0.017,0.031,0.078,0.183,0.315,0.189,0.075,0.035,0.017,0.011,0.006,0.004,0.002,0.001,0.002,0.002,0.001,0.001,0.001,0.002,0.001,0.001,0.001,0.000,0.000,0.001,0.000,0.001,0.001,0.001,0.000,0.001,0.001,0.001,0.000,0.001,0.000,0.001,0.001,0.000,0.000,0.000,0.000,0.001,0.001,0.001,0.000,0.001,0.000,0.000,0.000,0.001,0.000,0.000,0.000,0.001,0.000,0.000,0.000,0.000,0.000,0.000,0.000,0.000,0.000,0.000,0.001,0.000,0.000,0.001,0.000,0.000,0.000,0.000,0.000,0.000,0.000,0.000,0.000,0.001
,0.27,0.000,0.000,0.000,0.000,0.000,0.000,0.000,0.000,0.000,0.000,0.000,0.000,0.000,0.000,0.000,0.000,0.000,0.000,0.002,0.002,0.003,0.007,0.018,0.033,0.063,0.177,0.326,0.176,0.075,0.034,0.021,0.013,0.009,0.005,0.004,0.002,0.003,0.002,0.002,0.001,0.002,0.001,0.002,0.002,0.001,0.000,0.001,0.000,0.000,0.001,0.001,0.002,0.001,0.000,0.001,0.000,0.000,0.000,0.000,0.001,0.001,0.001,0.000,0.000,0.001,0.000,0.001,0.000,0.000,0.000,0.000,0.000,0.000,0.000,0.000,0.000,0.000,0.000,0.001,0.000,0.000,0.000,0.001,0.000,0.000,0.000,0.000,0.000,0.000,0.000,0.000,0.000,0.000,0.000,0.000,0.000,0.000,0.000,0.000,0.000,0.000
,0.28,0.000,0.000,0.000,0.000,0.000,0.000,0.000,0.000,0.000,0.000,0.000,0.000,0.000,0.000,0.000,0.000,0.000,0.001,0.001,0.001,0.002,0.003,0.008,0.021,0.035,0.081,0.177,0.293,0.181,0.082,0.037,0.018,0.013,0.006,0.004,0.004,0.004,0.002,0.001,0.001,0.002,0.000,0.001,0.001,0.001,0.001,0.000,0.001,0.001,0.001,0.001,0.000,0.001,0.001,0.000,0.000,0.000,0.000,0.001,0.000,0.001,0.000,0.001,0.000,0.000,0.000,0.001,0.000,0.001,0.001,0.001,0.000,0.000,0.000,0.001,0.001,0.000,0.000,0.000,0.000,0.000,0.000,0.000,0.000,0.000,0.000,0.000,0.000,0.000,0.000,0.001,0.000,0.000,0.000,0.000,0.000,0.001,0.000,0.000,0.000,0.000
,0.29,0.000,0.000,0.000,0.000,0.000,0.000,0.000,0.000,0.000,0.000,0.000,0.000,0.000,0.000,0.000,0.000,0.000,0.000,0.001,0.001,0.002,0.002,0.005,0.010,0.022,0.036,0.084,0.175,0.286,0.176,0.072,0.040,0.020,0.014,0.010,0.005,0.005,0.003,0.001,0.001,0.001,0.002,0.001,0.001,0.000,0.001,0.001,0.001,0.001,0.001,0.002,0.001,0.000,0.001,0.000,0.001,0.001,0.000,0.001,0.002,0.001,0.001,0.000,0.000,0.000,0.001,0.001,0.000,0.000,0.000,0.001,0.000,0.001,0.000,0.000,0.000,0.000,0.000,0.000,0.000,0.000,0.001,0.000,0.001,0.000,0.001,0.000,0.000,0.000,0.000,0.000,0.001,0.000,0.000,0.000,0.000,0.000,0.000,0.000,0.000,0.000
,0.3,0.000,0.000,0.000,0.000,0.000,0.000,0.000,0.000,0.000,0.000,0.000,0.000,0.000,0.000,0.000,0.000,0.000,0.000,0.000,0.001,0.001,0.002,0.003,0.005,0.011,0.017,0.038,0.077,0.167,0.288,0.179,0.073,0.039,0.023,0.015,0.006,0.006,0.007,0.003,0.004,0.003,0.002,0.001,0.002,0.001,0.001,0.001,0.002,0.001,0.001,0.001,0.000,0.001,0.001,0.001,0.001,0.001,0.001,0.001,0.000,0.000,0.001,0.000,0.001,0.001,0.000,0.000,0.001,0.000,0.001,0.001,0.000,0.001,0.000,0.000,0.000,0.000,0.001,0.000,0.000,0.000,0.000,0.000,0.000,0.000,0.001,0.000,0.000,0.001,0.000,0.000,0.000,0.000,0.000,0.000,0.000,0.000,0.000,0.000,0.000,0.000
,0.31,0.000,0.000,0.000,0.000,0.000,0.000,0.000,0.000,0.000,0.000,0.000,0.000,0.000,0.000,0.000,0.000,0.000,0.000,0.000,0.000,0.001,0.001,0.002,0.003,0.007,0.012,0.022,0.042,0.079,0.173,0.276,0.176,0.076,0.036,0.021,0.014,0.007,0.005,0.004,0.003,0.001,0.001,0.001,0.003,0.001,0.001,0.001,0.001,0.001,0.001,0.001,0.001,0.001,0.001,0.001,0.001,0.000,0.000,0.001,0.000,0.001,0.001,0.000,0.001,0.001,0.000,0.001,0.000,0.001,0.001,0.001,0.001,0.001,0.001,0.000,0.001,0.000,0.000,0.000,0.000,0.001,0.001,0.000,0.001,0.000,0.001,0.001,0.001,0.000,0.000,0.000,0.000,0.000,0.000,0.000,0.000,0.000,0.000,0.000,0.000,0.000
,0.32,0.000,0.000,0.000,0.000,0.000,0.000,0.000,0.000,0.000,0.000,0.000,0.000,0.000,0.000,0.000,0.000,0.000,0.000,0.000,0.000,0.000,0.001,0.002,0.002,0.005,0.006,0.011,0.021,0.041,0.081,0.171,0.278,0.164,0.076,0.039,0.019,0.012,0.009,0.008,0.007,0.004,0.002,0.002,0.002,0.003,0.001,0.002,0.002,0.002,0.001,0.001,0.001,0.001,0.002,0.001,0.000,0.001,0.001,0.001,0.001,0.001,0.000,0.000,0.000,0.001,0.002,0.000,0.001,0.001,0.000,0.001,0.001,0.001,0.000,0.001,0.000,0.001,0.000,0.001,0.001,0.000,0.000,0.001,0.000,0.000,0.000,0.000,0.001,0.000,0.001,0.000,0.000,0.000,0.000,0.000,0.000,0.000,0.000,0.000,0.000,0.000
,0.33,0.000,0.000,0.000,0.000,0.000,0.000,0.000,0.000,0.000,0.000,0.000,0.000,0.000,0.000,0.000,0.000,0.000,0.000,0.000,0.001,0.000,0.001,0.000,0.002,0.003,0.004,0.008,0.012,0.018,0.045,0.075,0.168,0.259,0.167,0.077,0.043,0.020,0.015,0.011,0.007,0.006,0.003,0.002,0.003,0.003,0.003,0.002,0.000,0.002,0.002,0.003,0.002,0.001,0.001,0.001,0.002,0.002,0.001,0.002,0.002,0.000,0.001,0.000,0.002,0.001,0.001,0.001,0.000,0.002,0.000,0.001,0.001,0.002,0.000,0.002,0.000,0.000,0.000,0.001,0.000,0.000,0.000,0.000,0.000,0.000,0.001,0.001,0.000,0.001,0.000,0.001,0.000,0.000,0.000,0.000,0.000,0.000,0.000,0.000,0.000,0.001
,0.34,0.000,0.000,0.000,0.000,0.000,0.000,0.000,0.000,0.000,0.000,0.000,0.000,0.000,0.000,0.000,0.000,0.000,0.000,0.000,0.000,0.000,0.000,0.000,0.000,0.003,0.003,0.003,0.009,0.016,0.022,0.044,0.082,0.171,0.241,0.165,0.080,0.046,0.021,0.016,0.011,0.008,0.006,0.004,0.003,0.002,0.002,0.001,0.002,0.003,0.002,0.001,0.001,0.000,0.002,0.001,0.001,0.000,0.001,0.000,0.002,0.002,0.001,0.001,0.001,0.001,0.001,0.001,0.000,0.000,0.000,0.002,0.002,0.001,0.000,0.001,0.001,0.001,0.001,0.001,0.000,0.000,0.000,0.000,0.001,0.001,0.001,0.001,0.000,0.000,0.001,0.000,0.001,0.000,0.001,0.000,0.000,0.001,0.001,0.000,0.000,0.000
,0.35,0.000,0.000,0.000,0.000,0.000,0.000,0.000,0.000,0.000,0.000,0.000,0.000,0.000,0.000,0.000,0.000,0.000,0.000,0.000,0.000,0.000,0.000,0.001,0.002,0.000,0.002,0.004,0.007,0.008,0.016,0.024,0.042,0.075,0.156,0.263,0.159,0.073,0.038,0.027,0.013,0.010,0.009,0.008,0.003,0.005,0.003,0.003,0.002,0.004,0.002,0.003,0.003,0.003,0.001,0.001,0.002,0.002,0.002,0.001,0.001,0.001,0.000,0.001,0.001,0.000,0.001,0.000,0.001,0.000,0.001,0.001,0.002,0.002,0.001,0.001,0.001,0.001,0.000,0.000,0.000,0.000,0.000,0.001,0.000,0.000,0.001,0.000,0.001,0.001,0.000,0.000,0.000,0.000,0.001,0.000,0.001,0.000,0.000,0.000,0.000,0.001
,0.36,0.000,0.000,0.000,0.000,0.000,0.000,0.000,0.000,0.000,0.000,0.000,0.000,0.000,0.000,0.000,0.001,0.000,0.000,0.000,0.001,0.000,0.001,0.000,0.001,0.001,0.002,0.002,0.005,0.007,0.010,0.016,0.022,0.053,0.076,0.157,0.256,0.160,0.065,0.047,0.026,0.017,0.011,0.005,0.005,0.003,0.002,0.002,0.002,0.002,0.002,0.001,0.002,0.002,0.002,0.002,0.001,0.001,0.001,0.002,0.001,0.002,0.002,0.001,0.001,0.000,0.001,0.001,0.001,0.001,0.001,0.000,0.000,0.002,0.000,0.001,0.000,0.001,0.000,0.001,0.000,0.001,0.000,0.001,0.001,0.001,0.001,0.000,0.001,0.000,0.001,0.001,0.000,0.000,0.000,0.001,0.001,0.000,0.000,0.000,0.001,0.002
,0.37,0.000,0.000,0.000,0.000,0.000,0.000,0.000,0.000,0.000,0.000,0.000,0.000,0.000,0.000,0.000,0.000,0.000,0.000,0.000,0.000,0.000,0.000,0.000,0.000,0.001,0.002,0.002,0.002,0.003,0.005,0.011,0.017,0.027,0.044,0.072,0.165,0.231,0.163,0.076,0.041,0.026,0.016,0.013,0.008,0.009,0.005,0.004,0.004,0.005,0.004,0.003,0.001,0.001,0.002,0.003,0.002,0.002,0.003,0.002,0.000,0.001,0.001,0.001,0.002,0.002,0.000,0.002,0.001,0.001,0.000,0.002,0.001,0.000,0.000,0.000,0.001,0.000,0.001,0.001,0.001,0.002,0.001,0.000,0.000,0.001,0.000,0.000,0.001,0.000,0.000,0.000,0.000,0.000,0.000,0.000,0.000,0.000,0.001,0.000,0.000,0.001
,0.38,0.000,0.000,0.000,0.000,0.000,0.000,0.000,0.000,0.000,0.000,0.000,0.000,0.000,0.000,0.000,0.000,0.000,0.000,0.000,0.001,0.000,0.000,0.000,0.001,0.001,0.001,0.002,0.001,0.005,0.006,0.005,0.012,0.018,0.028,0.047,0.085,0.155,0.229,0.159,0.064,0.041,0.028,0.015,0.012,0.008,0.006,0.006,0.005,0.005,0.002,0.003,0.002,0.002,0.002,0.002,0.002,0.001,0.000,0.002,0.001,0.001,0.002,0.001,0.001,0.001,0.001,0.002,0.002,0.001,0.001,0.001,0.000,0.001,0.003,0.001,0.000,0.001,0.000,0.001,0.001,0.000,0.001,0.001,0.001,0.001,0.001,0.001,0.001,0.001,0.001,0.001,0.001,0.001,0.001,0.000,0.000,0.000,0.000,0.000,0.000,0.002
,0.00,0.000,0.000,0.000,0.000,0.000,0.000,0.000,0.000,0.000,0.000,0.000,0.000,0.000,0.000,0.000,0.000,0.000,0.000,0.000,0.000,0.000,0.000,0.000,0.000,0.001,0.001,0.001,0.001,0.002,0.003,0.004,0.009,0.009,0.019,0.030,0.044,0.077,0.159,0.224,0.153,0.067,0.046,0.031,0.019,0.013,0.009,0.007,0.005,0.005,0.003,0.004,0.002,0.002,0.004,0.002,0.002,0.002,0.002,0.000,0.000,0.002,0.002,0.003,0.002,0.003,0.002,0.001,0.001,0.001,0.001,0.001,0.001,0.001,0.002,0.001,0.001,0.001,0.000,0.000,0.001,0.001,0.000,0.001,0.000,0.001,0.001,0.001,0.000,0.001,0.002,0.001,0.001,0.001,0.000,0.001,0.001,0.000,0.000,0.000,0.000,0.001
,0.4,0.000,0.000,0.000,0.000,0.000,0.000,0.000,0.000,0.000,0.000,0.000,0.000,0.000,0.000,0.000,0.000,0.000,0.000,0.000,0.000,0.001,0.001,0.000,0.000,0.001,0.002,0.001,0.001,0.002,0.003,0.003,0.004,0.007,0.014,0.019,0.032,0.054,0.082,0.156,0.208,0.140,0.075,0.043,0.024,0.020,0.012,0.009,0.007,0.007,0.007,0.004,0.004,0.003,0.004,0.003,0.003,0.002,0.001,0.002,0.002,0.002,0.003,0.001,0.001,0.002,0.001,0.001,0.002,0.002,0.001,0.001,0.001,0.001,0.000,0.001,0.000,0.000,0.001,0.001,0.000,0.002,0.001,0.001,0.001,0.000,0.001,0.000,0.000,0.000,0.000,0.000,0.001,0.001,0.001,0.000,0.000,0.001,0.000,0.000,0.000,0.001
,0.41,0.000,0.000,0.000,0.000,0.000,0.000,0.000,0.000,0.000,0.000,0.000,0.000,0.000,0.000,0.000,0.000,0.000,0.000,0.000,0.000,0.000,0.000,0.000,0.000,0.001,0.000,0.001,0.003,0.001,0.002,0.004,0.003,0.006,0.010,0.014,0.019,0.028,0.054,0.068,0.152,0.213,0.131,0.075,0.049,0.023,0.022,0.011,0.015,0.009,0.004,0.005,0.004,0.007,0.004,0.003,0.003,0.002,0.003,0.003,0.002,0.003,0.001,0.003,0.001,0.000,0.000,0.001,0.001,0.002,0.001,0.002,0.001,0.002,0.001,0.001,0.003,0.001,0.001,0.001,0.001,0.001,0.000,0.001,0.001,0.000,0.001,0.001,0.001,0.001,0.000,0.001,0.001,0.001,0.002,0.000,0.000,0.000,0.000,0.000,0.000,0.004
,0.42,0.000,0.000,0.000,0.000,0.000,0.000,0.000,0.000,0.000,0.000,0.000,0.000,0.000,0.000,0.000,0.000,0.000,0.000,0.000,0.000,0.000,0.000,0.000,0.000,0.001,0.001,0.001,0.002,0.001,0.001,0.003,0.004,0.006,0.006,0.010,0.014,0.017,0.031,0.051,0.082,0.139,0.206,0.136,0.073,0.044,0.027,0.024,0.012,0.010,0.007,0.008,0.006,0.006,0.005,0.005,0.003,0.003,0.003,0.001,0.002,0.003,0.003,0.002,0.003,0.001,0.002,0.003,0.001,0.002,0.001,0.001,0.002,0.001,0.003,0.001,0.001,0.001,0.001,0.001,0.001,0.000,0.001,0.001,0.001,0.000,0.001,0.001,0.001,0.001,0.001,0.001,0.001,0.001,0.000,0.000,0.001,0.000,0.001,0.000,0.000,0.002
,0.43,0.000,0.000,0.000,0.000,0.000,0.000,0.000,0.000,0.000,0.000,0.000,0.000,0.000,0.000,0.000,0.000,0.000,0.000,0.000,0.000,0.000,0.000,0.000,0.001,0.001,0.001,0.000,0.000,0.001,0.003,0.003,0.004,0.004,0.004,0.009,0.008,0.015,0.014,0.034,0.047,0.081,0.149,0.190,0.130,0.073,0.045,0.031,0.023,0.013,0.011,0.011,0.005,0.006,0.006,0.005,0.004,0.005,0.004,0.004,0.003,0.005,0.002,0.002,0.002,0.001,0.002,0.001,0.002,0.003,0.001,0.001,0.002,0.002,0.001,0.001,0.001,0.001,0.002,0.001,0.001,0.001,0.002,0.002,0.000,0.001,0.000,0.001,0.000,0.002,0.000,0.002,0.002,0.000,0.001,0.002,0.000,0.001,0.000,0.000,0.001,0.001
,0.44,0.000,0.000,0.000,0.000,0.000,0.000,0.000,0.000,0.000,0.000,0.000,0.000,0.000,0.000,0.000,0.000,0.000,0.000,0.000,0.000,0.000,0.000,0.000,0.000,0.000,0.000,0.001,0.001,0.000,0.000,0.002,0.004,0.005,0.005,0.005,0.007,0.007,0.016,0.020,0.038,0.053,0.085,0.141,0.168,0.126,0.070,0.049,0.033,0.019,0.015,0.013,0.009,0.012,0.004,0.006,0.006,0.005,0.006,0.001,0.002,0.003,0.003,0.005,0.003,0.004,0.002,0.006,0.002,0.001,0.002,0.001,0.002,0.001,0.002,0.000,0.000,0.001,0.001,0.000,0.001,0.002,0.001,0.001,0.003,0.001,0.000,0.001,0.000,0.001,0.001,0.002,0.002,0.001,0.000,0.000,0.001,0.000,0.000,0.000,0.000,0.002
,0.45,0.000,0.000,0.000,0.000,0.000,0.000,0.000,0.000,0.000,0.000,0.000,0.000,0.000,0.000,0.000,0.000,0.000,0.000,0.000,0.000,0.000,0.001,0.001,0.000,0.003,0.000,0.001,0.002,0.003,0.002,0.004,0.006,0.003,0.004,0.006,0.006,0.009,0.011,0.014,0.022,0.029,0.048,0.084,0.129,0.175,0.131,0.067,0.044,0.030,0.023,0.015,0.010,0.010,0.008,0.007,0.005,0.003,0.004,0.005,0.003,0.004,0.003,0.003,0.002,0.004,0.004,0.003,0.000,0.004,0.002,0.002,0.002,0.002,0.002,0.003,0.002,0.001,0.001,0.003,0.002,0.003,0.002,0.001,0.000,0.000,0.001,0.001,0.003,0.000,0.002,0.001,0.001,0.002,0.002,0.000,0.000,0.001,0.000,0.000,0.000,0.001
,0.46,0.000,0.000,0.000,0.000,0.000,0.000,0.000,0.000,0.000,0.000,0.000,0.000,0.000,0.000,0.000,0.000,0.000,0.000,0.000,0.000,0.000,0.000,0.000,0.000,0.000,0.000,0.001,0.000,0.002,0.001,0.004,0.001,0.003,0.004,0.004,0.005,0.004,0.010,0.012,0.016,0.026,0.039,0.041,0.091,0.128,0.165,0.122,0.073,0.043,0.034,0.019,0.018,0.014,0.012,0.007,0.006,0.006,0.005,0.007,0.005,0.005,0.003,0.004,0.003,0.004,0.003,0.004,0.002,0.002,0.002,0.004,0.003,0.002,0.001,0.002,0.001,0.000,0.001,0.002,0.000,0.001,0.001,0.002,0.001,0.001,0.002,0.002,0.001,0.001,0.001,0.002,0.001,0.001,0.000,0.001,0.001,0.000,0.000,0.000,0.000,0.003
,0.47,0.000,0.000,0.000,0.000,0.000,0.000,0.000,0.000,0.000,0.000,0.000,0.000,0.000,0.000,0.000,0.000,0.000,0.000,0.000,0.000,0.000,0.000,0.000,0.000,0.000,0.001,0.001,0.001,0.004,0.002,0.002,0.003,0.002,0.003,0.006,0.006,0.005,0.008,0.013,0.012,0.018,0.031,0.030,0.051,0.077,0.124,0.164,0.117,0.070,0.047,0.029,0.024,0.014,0.013,0.009,0.007,0.012,0.005,0.004,0.004,0.002,0.005,0.004,0.004,0.004,0.001,0.002,0.004,0.002,0.001,0.004,0.002,0.001,0.002,0.003,0.001,0.004,0.003,0.002,0.003,0.001,0.001,0.001,0.002,0.002,0.002,0.001,0.001,0.002,0.002,0.001,0.000,0.000,0.001,0.001,0.000,0.000,0.001,0.000,0.000,0.005
,0.48,0.000,0.000,0.000,0.000,0.000,0.000,0.000,0.000,0.000,0.000,0.000,0.000,0.000,0.000,0.000,0.000,0.000,0.000,0.000,0.000,0.000,0.000,0.001,0.000,0.001,0.001,0.001,0.002,0.002,0.002,0.002,0.001,0.002,0.004,0.006,0.006,0.006,0.009,0.010,0.010,0.013,0.014,0.025,0.041,0.044,0.087,0.118,0.143,0.122,0.072,0.043,0.039,0.022,0.013,0.013,0.009,0.008,0.011,0.004,0.004,0.004,0.004,0.005,0.006,0.003,0.002,0.002,0.004,0.003,0.003,0.002,0.001,0.001,0.002,0.004,0.002,0.003,0.002,0.004,0.002,0.000,0.002,0.002,0.001,0.000,0.003,0.000,0.002,0.001,0.002,0.004,0.002,0.000,0.000,0.002,0.000,0.000,0.000,0.000,0.000,0.006
,0.49,0.000,0.000,0.000,0.000,0.000,0.000,0.000,0.000,0.000,0.000,0.000,0.000,0.000,0.000,0.000,0.000,0.000,0.000,0.001,0.000,0.001,0.000,0.000,0.001,0.000,0.001,0.000,0.001,0.002,0.001,0.000,0.002,0.002,0.002,0.005,0.004,0.005,0.004,0.007,0.009,0.010,0.011,0.016,0.023,0.038,0.045,0.080,0.129,0.164,0.117,0.076,0.037,0.031,0.021,0.016,0.012,0.010,0.007,0.008,0.006,0.003,0.005,0.008,0.004,0.005,0.003,0.003,0.003,0.002,0.002,0.002,0.003,0.002,0.002,0.002,0.002,0.001,0.003,0.002,0.004,0.003,0.001,0.004,0.000,0.003,0.001,0.001,0.002,0.001,0.000,0.000,0.001,0.001,0.001,0.000,0.000,0.000,0.001,0.000,0.000,0.006
,0.5,0.000,0.000,0.000,0.000,0.000,0.000,0.000,0.000,0.000,0.000,0.000,0.000,0.000,0.000,0.000,0.000,0.000,0.000,0.000,0.000,0.000,0.000,0.000,0.000,0.001,0.000,0.001,0.000,0.001,0.001,0.000,0.001,0.002,0.003,0.003,0.002,0.005,0.006,0.006,0.007,0.010,0.012,0.015,0.015,0.025,0.027,0.048,0.074,0.122,0.142,0.119,0.064,0.042,0.034,0.026,0.020,0.018,0.013,0.008,0.012,0.013,0.006,0.002,0.006,0.002,0.002,0.004,0.003,0.004,0.004,0.002,0.003,0.003,0.003,0.003,0.003,0.001,0.001,0.002,0.003,0.002,0.003,0.002,0.001,0.005,0.001,0.002,0.002,0.001,0.002,0.001,0.001,0.000,0.001,0.000,0.001,0.000,0.001,0.000,0.000,0.005
,0.51,0.000,0.000,0.000,0.000,0.000,0.000,0.000,0.000,0.000,0.000,0.000,0.000,0.000,0.000,0.000,0.000,0.000,0.000,0.000,0.000,0.000,0.000,0.001,0.001,0.001,0.000,0.001,0.004,0.002,0.001,0.001,0.003,0.002,0.005,0.001,0.001,0.004,0.003,0.005,0.006,0.004,0.010,0.010,0.011,0.022,0.021,0.039,0.054,0.083,0.123,0.145,0.111,0.056,0.040,0.028,0.019,0.019,0.013,0.017,0.009,0.009,0.007,0.005,0.006,0.005,0.006,0.005,0.007,0.005,0.003,0.003,0.002,0.004,0.002,0.005,0.003,0.003,0.004,0.001,0.005,0.003,0.002,0.001,0.003,0.003,0.004,0.003,0.003,0.000,0.004,0.002,0.001,0.001,0.001,0.002,0.002,0.001,0.002,0.001,0.001,0.007
,0.52,0.000,0.000,0.000,0.000,0.000,0.000,0.000,0.000,0.000,0.000,0.000,0.000,0.000,0.000,0.000,0.000,0.000,0.000,0.001,0.000,0.001,0.000,0.001,0.002,0.002,0.002,0.001,0.002,0.002,0.002,0.001,0.001,0.002,0.002,0.002,0.004,0.005,0.004,0.006,0.008,0.008,0.007,0.011,0.010,0.013,0.020,0.028,0.036,0.048,0.066,0.101,0.159,0.117,0.062,0.046,0.030,0.030,0.015,0.012,0.008,0.011,0.008,0.010,0.006,0.004,0.005,0.005,0.003,0.004,0.004,0.002,0.004,0.003,0.002,0.003,0.004,0.004,0.005,0.004,0.001,0.003,0.001,0.003,0.001,0.002,0.003,0.003,0.002,0.002,0.002,0.002,0.002,0.000,0.001,0.000,0.001,0.002,0.001,0.001,0.002,0.005
,0.53,0.000,0.000,0.000,0.000,0.000,0.000,0.000,0.000,0.000,0.000,0.000,0.000,0.000,0.000,0.000,0.000,0.000,0.000,0.000,0.000,0.000,0.000,0.001,0.000,0.001,0.002,0.000,0.001,0.002,0.002,0.003,0.002,0.003,0.005,0.003,0.004,0.004,0.005,0.004,0.004,0.008,0.008,0.008,0.009,0.015,0.019,0.021,0.024,0.034,0.045,0.070,0.107,0.160,0.102,0.051,0.051,0.026,0.023,0.027,0.016,0.012,0.005,0.008,0.010,0.009,0.007,0.004,0.003,0.003,0.003,0.002,0.003,0.004,0.003,0.003,0.005,0.005,0.003,0.004,0.002,0.002,0.003,0.003,0.004,0.003,0.002,0.002,0.002,0.001,0.002,0.002,0.002,0.000,0.001,0.000,0.001,0.001,0.001,0.001,0.001,0.004
,0.54,0.000,0.000,0.000,0.000,0.000,0.000,0.000,0.000,0.000,0.000,0.000,0.000,0.000,0.000,0.000,0.000,0.000,0.000,0.001,0.001,0.000,0.001,0.000,0.001,0.001,0.002,0.001,0.001,0.000,0.000,0.003,0.002,0.003,0.003,0.002,0.007,0.003,0.004,0.003,0.007,0.004,0.008,0.007,0.008,0.010,0.017,0.013,0.022,0.018,0.036,0.059,0.074,0.096,0.122,0.098,0.069,0.039,0.030,0.026,0.022,0.020,0.014,0.006,0.012,0.006,0.004,0.005,0.007,0.007,0.005,0.007,0.005,0.003,0.004,0.002,0.003,0.003,0.002,0.004,0.002,0.004,0.002,0.003,0.002,0.002,0.005,0.002,0.003,0.005,0.002,0.002,0.002,0.004,0.003,0.002,0.001,0.002,0.002,0.000,0.001,0.005
,0.55,0.000,0.000,0.000,0.000,0.000,0.000,0.000,0.000,0.000,0.000,0.000,0.000,0.000,0.000,0.000,0.000,0.000,0.000,0.000,0.000,0.000,0.000,0.002,0.002,0.000,0.000,0.001,0.001,0.001,0.002,0.001,0.003,0.002,0.001,0.002,0.002,0.003,0.004,0.002,0.005,0.005,0.005,0.007,0.005,0.008,0.010,0.015,0.014,0.024,0.025,0.039,0.055,0.073,0.101,0.139,0.101,0.058,0.043,0.033,0.021,0.013,0.012,0.014,0.012,0.011,0.007,0.010,0.004,0.005,0.005,0.001,0.005,0.006,0.007,0.002,0.005,0.002,0.004,0.004,0.002,0.002,0.003,0.005,0.000,0.004,0.003,0.001,0.002,0.004,0.004,0.003,0.002,0.003,0.001,0.002,0.001,0.002,0.001,0.001,0.001,0.008
,0.56,0.000,0.000,0.000,0.000,0.000,0.000,0.000,0.000,0.000,0.000,0.000,0.000,0.000,0.000,0.000,0.000,0.000,0.000,0.000,0.000,0.000,0.000,0.000,0.001,0.000,0.001,0.001,0.001,0.002,0.001,0.002,0.001,0.001,0.004,0.002,0.002,0.005,0.003,0.005,0.006,0.004,0.008,0.005,0.010,0.010,0.007,0.011,0.013,0.022,0.023,0.026,0.032,0.051,0.071,0.101,0.116,0.092,0.064,0.044,0.032,0.020,0.017,0.020,0.015,0.008,0.009,0.011,0.008,0.005,0.004,0.003,0.007,0.005,0.006,0.003,0.003,0.003,0.005,0.004,0.005,0.005,0.004,0.004,0.001,0.001,0.007,0.003,0.004,0.002,0.004,0.002,0.002,0.002,0.001,0.001,0.003,0.001,0.001,0.002,0.002,0.005
,0.57,0.000,0.000,0.000,0.000,0.000,0.000,0.000,0.000,0.000,0.000,0.000,0.000,0.000,0.000,0.000,0.000,0.000,0.000,0.000,0.000,0.000,0.000,0.001,0.000,0.000,0.001,0.001,0.001,0.003,0.002,0.001,0.001,0.002,0.001,0.003,0.002,0.003,0.003,0.004,0.006,0.012,0.010,0.008,0.006,0.007,0.008,0.011,0.009,0.014,0.017,0.023,0.028,0.038,0.051,0.070,0.096,0.103,0.088,0.062,0.041,0.032,0.023,0.023,0.015,0.012,0.014,0.009,0.008,0.006,0.011,0.008,0.008,0.006,0.009,0.003,0.005,0.007,0.001,0.005,0.001,0.005,0.002,0.002,0.003,0.003,0.006,0.001,0.002,0.004,0.003,0.003,0.002,0.003,0.002,0.003,0.001,0.003,0.001,0.001,0.001,0.010
,0.58,0.000,0.000,0.000,0.000,0.000,0.000,0.000,0.000,0.000,0.000,0.000,0.000,0.000,0.000,0.000,0.000,0.000,0.000,0.000,0.000,0.000,0.001,0.001,0.000,0.000,0.001,0.001,0.000,0.001,0.002,0.003,0.002,0.003,0.002,0.002,0.003,0.003,0.003,0.002,0.006,0.003,0.006,0.008,0.008,0.005,0.014,0.009,0.008,0.012,0.013,0.013,0.021,0.029,0.033,0.051,0.062,0.090,0.125,0.090,0.058,0.051,0.031,0.023,0.020,0.018,0.011,0.009,0.014,0.008,0.009,0.009,0.005,0.006,0.004,0.005,0.006,0.002,0.006,0.004,0.004,0.003,0.006,0.003,0.004,0.004,0.004,0.001,0.003,0.003,0.001,0.004,0.001,0.001,0.004,0.002,0.000,0.002,0.000,0.003,0.001,0.014
,0.59,0.000,0.000,0.000,0.000,0.000,0.000,0.000,0.000,0.000,0.000,0.000,0.000,0.000,0.000,0.000,0.000,0.000,0.000,0.000,0.000,0.000,0.000,0.000,0.001,0.000,0.001,0.000,0.001,0.001,0.002,0.003,0.002,0.001,0.001,0.002,0.003,0.003,0.003,0.005,0.004,0.004,0.004,0.006,0.004,0.006,0.007,0.008,0.009,0.009,0.010,0.011,0.021,0.018,0.026,0.042,0.042,0.068,0.106,0.118,0.083,0.072,0.046,0.029,0.021,0.018,0.011,0.010,0.010,0.012,0.008,0.007,0.009,0.007,0.007,0.006,0.005,0.006,0.006,0.001,0.004,0.005,0.006,0.002,0.004,0.005,0.003,0.004,0.004,0.003,0.003,0.003,0.001,0.001,0.003,0.003,0.001,0.001,0.003,0.004,0.001,0.013
,0.6,0.000,0.000,0.000,0.000,0.000,0.000,0.000,0.000,0.000,0.000,0.000,0.000,0.000,0.000,0.000,0.000,0.000,0.000,0.001,0.000,0.001,0.001,0.001,0.000,0.000,0.001,0.001,0.001,0.001,0.002,0.001,0.001,0.001,0.002,0.003,0.002,0.003,0.002,0.005,0.003,0.005,0.003,0.006,0.005,0.005,0.008,0.005,0.006,0.007,0.013,0.012,0.012,0.023,0.023,0.025,0.037,0.051,0.065,0.108,0.099,0.070,0.058,0.048,0.027,0.023,0.016,0.015,0.020,0.009,0.016,0.014,0.005,0.007,0.008,0.005,0.004,0.010,0.001,0.003,0.004,0.005,0.006,0.003,0.003,0.006,0.005,0.003,0.005,0.005,0.004,0.004,0.004,0.002,0.002,0.002,0.001,0.003,0.000,0.002,0.003,0.018
,0.61,0.000,0.000,0.000,0.000,0.000,0.000,0.000,0.000,0.000,0.000,0.000,0.000,0.000,0.000,0.000,0.000,0.000,0.000,0.001,0.000,0.001,0.000,0.001,0.000,0.000,0.001,0.001,0.001,0.001,0.001,0.001,0.002,0.003,0.002,0.002,0.003,0.002,0.003,0.003,0.001,0.006,0.003,0.005,0.003,0.006,0.008,0.008,0.009,0.017,0.012,0.012,0.010,0.010,0.017,0.020,0.022,0.035,0.048,0.071,0.098,0.099,0.084,0.063,0.046,0.028,0.023,0.024,0.018,0.017,0.008,0.013,0.010,0.011,0.004,0.003,0.009,0.006,0.006,0.007,0.006,0.001,0.003,0.002,0.003,0.003,0.008,0.002,0.003,0.006,0.003,0.003,0.002,0.001,0.001,0.002,0.003,0.000,0.003,0.001,0.003,0.011
,0.62,0.000,0.000,0.000,0.000,0.000,0.000,0.000,0.000,0.000,0.000,0.000,0.000,0.000,0.000,0.000,0.000,0.000,0.000,0.000,0.001,0.001,0.001,0.001,0.001,0.001,0.000,0.001,0.003,0.002,0.000,0.001,0.001,0.003,0.000,0.001,0.003,0.004,0.006,0.002,0.005,0.003,0.004,0.004,0.006,0.006,0.005,0.006,0.007,0.008,0.008,0.012,0.014,0.007,0.022,0.015,0.022,0.035,0.032,0.039,0.064,0.082,0.097,0.092,0.057,0.044,0.035,0.018,0.015,0.016,0.017,0.014,0.010,0.010,0.008,0.009,0.004,0.006,0.003,0.007,0.006,0.005,0.005,0.006,0.005,0.006,0.006,0.003,0.006,0.005,0.001,0.003,0.002,0.005,0.004,0.005,0.004,0.002,0.002,0.003,0.001,0.013
,0.63,0.000,0.000,0.000,0.000,0.000,0.000,0.000,0.000,0.000,0.000,0.000,0.000,0.000,0.000,0.000,0.000,0.000,0.001,0.000,0.000,0.000,0.001,0.001,0.000,0.001,0.000,0.001,0.000,0.001,0.001,0.003,0.003,0.001,0.001,0.002,0.005,0.002,0.003,0.003,0.000,0.004,0.003,0.005,0.003,0.005,0.006,0.005,0.010,0.007,0.003,0.007,0.009,0.008,0.010,0.017,0.023,0.016,0.026,0.022,0.049,0.065,0.084,0.112,0.084,0.053,0.051,0.037,0.020,0.016,0.024,0.018,0.006,0.011,0.010,0.005,0.011,0.006,0.007,0.008,0.009,0.005,0.003,0.006,0.006,0.005,0.007,0.007,0.004,0.002,0.003,0.003,0.002,0.005,0.004,0.001,0.003,0.003,0.001,0.003,0.002,0.017
,0.64,0.000,0.000,0.000,0.000,0.000,0.000,0.000,0.000,0.000,0.000,0.000,0.000,0.000,0.000,0.000,0.000,0.000,0.000,0.001,0.000,0.000,0.000,0.001,0.000,0.001,0.001,0.001,0.000,0.001,0.001,0.001,0.001,0.003,0.001,0.004,0.001,0.003,0.001,0.003,0.003,0.003,0.008,0.003,0.007,0.010,0.007,0.009,0.007,0.003,0.006,0.006,0.008,0.009,0.011,0.017,0.012,0.013,0.023,0.030,0.033,0.039,0.062,0.091,0.110,0.080,0.059,0.043,0.025,0.027,0.020,0.014,0.008,0.010,0.008,0.012,0.011,0.010,0.009,0.005,0.008,0.011,0.006,0.006,0.005,0.005,0.004,0.003,0.001,0.005,0.005,0.004,0.005,0.003,0.005,0.003,0.003,0.005,0.001,0.001,0.002,0.014
,0.65,0.000,0.000,0.000,0.000,0.000,0.000,0.000,0.000,0.000,0.000,0.000,0.000,0.000,0.000,0.000,0.000,0.000,0.001,0.000,0.000,0.000,0.001,0.000,0.000,0.000,0.000,0.003,0.001,0.001,0.001,0.001,0.003,0.001,0.001,0.004,0.001,0.003,0.002,0.002,0.004,0.001,0.002,0.005,0.005,0.001,0.007,0.007,0.012,0.006,0.013,0.006,0.008,0.007,0.015,0.012,0.014,0.010,0.020,0.029,0.027,0.028,0.032,0.062,0.086,0.108,0.072,0.073,0.044,0.031,0.021,0.013,0.013,0.010,0.018,0.011,0.012,0.007,0.007,0.004,0.005,0.003,0.008,0.009,0.006,0.007,0.004,0.003,0.004,0.004,0.004,0.004,0.003,0.002,0.004,0.005,0.003,0.002,0.004,0.002,0.002,0.019
,0.66,0.000,0.000,0.000,0.000,0.000,0.000,0.000,0.000,0.000,0.000,0.000,0.000,0.000,0.000,0.000,0.000,0.000,0.000,0.000,0.000,0.000,0.000,0.000,0.001,0.001,0.000,0.001,0.002,0.004,0.001,0.001,0.003,0.002,0.001,0.001,0.001,0.003,0.000,0.003,0.003,0.005,0.009,0.004,0.002,0.004,0.006,0.003,0.005,0.003,0.008,0.007,0.009,0.008,0.007,0.006,0.009,0.008,0.013,0.018,0.025,0.031,0.036,0.046,0.064,0.082,0.112,0.083,0.059,0.039,0.036,0.020,0.017,0.016,0.013,0.009,0.016,0.007,0.009,0.012,0.006,0.012,0.007,0.006,0.003,0.004,0.006,0.005,0.004,0.004,0.004,0.004,0.005,0.003,0.004,0.004,0.003,0.002,0.003,0.003,0.001,0.015
,0.67,0.000,0.000,0.000,0.000,0.000,0.000,0.000,0.000,0.000,0.000,0.000,0.000,0.000,0.000,0.000,0.000,0.000,0.000,0.000,0.000,0.000,0.001,0.000,0.001,0.000,0.001,0.000,0.000,0.000,0.001,0.001,0.003,0.001,0.002,0.001,0.004,0.001,0.002,0.001,0.004,0.001,0.004,0.003,0.002,0.004,0.002,0.007,0.003,0.006,0.009,0.008,0.008,0.006,0.011,0.011,0.009,0.016,0.014,0.013,0.024,0.019,0.032,0.039,0.039,0.053,0.087,0.112,0.075,0.058,0.049,0.036,0.022,0.017,0.017,0.011,0.011,0.007,0.006,0.005,0.007,0.008,0.008,0.006,0.009,0.006,0.006,0.003,0.005,0.008,0.005,0.004,0.007,0.004,0.006,0.005,0.003,0.004,0.003,0.003,0.001,0.014
,0.68,0.000,0.000,0.000,0.000,0.000,0.000,0.000,0.000,0.000,0.000,0.000,0.000,0.000,0.000,0.000,0.000,0.001,0.000,0.000,0.000,0.001,0.000,0.001,0.000,0.001,0.002,0.000,0.000,0.000,0.003,0.001,0.002,0.003,0.000,0.003,0.001,0.001,0.003,0.001,0.004,0.002,0.004,0.003,0.002,0.004,0.005,0.004,0.006,0.004,0.007,0.008,0.007,0.004,0.007,0.009,0.013,0.007,0.010,0.019,0.020,0.016,0.021,0.029,0.028,0.040,0.066,0.073,0.105,0.071,0.066,0.034,0.045,0.019,0.015,0.013,0.010,0.007,0.013,0.013,0.010,0.006,0.007,0.010,0.002,0.009,0.007,0.005,0.008,0.008,0.002,0.004,0.004,0.009,0.007,0.003,0.003,0.002,0.003,0.004,0.004,0.019
,0.69,0.000,0.000,0.000,0.000,0.000,0.000,0.000,0.000,0.000,0.000,0.000,0.000,0.000,0.000,0.000,0.000,0.000,0.000,0.000,0.000,0.000,0.000,0.000,0.000,0.002,0.001,0.000,0.002,0.000,0.002,0.002,0.002,0.002,0.001,0.002,0.002,0.002,0.002,0.002,0.002,0.002,0.004,0.003,0.005,0.004,0.010,0.002,0.005,0.008,0.007,0.002,0.011,0.012,0.002,0.002,0.012,0.014,0.008,0.013,0.014,0.014,0.022,0.020,0.031,0.025,0.038,0.061,0.082,0.104,0.072,0.056,0.040,0.024,0.026,0.019,0.021,0.013,0.011,0.014,0.008,0.013,0.008,0.010,0.009,0.010,0.006,0.006,0.007,0.006,0.005,0.010,0.005,0.006,0.004,0.005,0.002,0.001,0.001,0.003,0.002,0.016
,0.7,0.000,0.000,0.000,0.000,0.000,0.000,0.000,0.000,0.000,0.000,0.000,0.000,0.000,0.000,0.000,0.000,0.000,0.000,0.000,0.000,0.000,0.001,0.000,0.000,0.001,0.002,0.001,0.000,0.001,0.002,0.001,0.001,0.001,0.003,0.004,0.001,0.002,0.004,0.004,0.001,0.004,0.003,0.003,0.003,0.004,0.001,0.006,0.006,0.007,0.005,0.005,0.004,0.006,0.005,0.004,0.004,0.015,0.007,0.009,0.013,0.016,0.015,0.008,0.019,0.034,0.038,0.046,0.055,0.069,0.091,0.092,0.055,0.055,0.028,0.023,0.019,0.015,0.017,0.011,0.007,0.007,0.014,0.009,0.007,0.009,0.007,0.009,0.007,0.006,0.007,0.003,0.005,0.004,0.004,0.004,0.007,0.003,0.003,0.003,0.002,0.020
,0.71,0.000,0.000,0.000,0.000,0.000,0.000,0.000,0.000,0.000,0.000,0.000,0.000,0.000,0.000,0.000,0.000,0.001,0.000,0.000,0.001,0.000,0.000,0.000,0.001,0.000,0.001,0.001,0.001,0.001,0.001,0.001,0.001,0.003,0.001,0.001,0.003,0.002,0.004,0.002,0.003,0.007,0.003,0.004,0.001,0.006,0.005,0.004,0.003,0.002,0.006,0.006,0.006,0.004,0.006,0.006,0.010,0.010,0.010,0.010,0.010,0.008,0.010,0.012,0.016,0.024,0.022,0.030,0.047,0.053,0.073,0.094,0.079,0.057,0.038,0.030,0.027,0.025,0.022,0.019,0.016,0.016,0.011,0.010,0.010,0.005,0.007,0.005,0.008,0.008,0.009,0.004,0.004,0.006,0.005,0.003,0.008,0.007,0.003,0.002,0.001,0.018
,0.72,0.000,0.000,0.000,0.000,0.000,0.000,0.000,0.000,0.000,0.000,0.000,0.000,0.000,0.000,0.000,0.000,0.000,0.000,0.000,0.000,0.001,0.000,0.001,0.000,0.001,0.001,0.000,0.001,0.001,0.001,0.002,0.002,0.001,0.002,0.003,0.001,0.002,0.004,0.003,0.004,0.001,0.001,0.003,0.002,0.002,0.001,0.007,0.004,0.004,0.008,0.006,0.006,0.006,0.003,0.005,0.010,0.010,0.008,0.007,0.010,0.006,0.011,0.010,0.012,0.013,0.016,0.033,0.028,0.032,0.044,0.082,0.134,0.071,0.056,0.051,0.028,0.032,0.023,0.012,0.018,0.012,0.006,0.017,0.011,0.014,0.013,0.004,0.005,0.005,0.009,0.002,0.001,0.008,0.004,0.003,0.001,0.002,0.009,0.002,0.002,0.020
,0.73,0.000,0.000,0.000,0.000,0.000,0.000,0.000,0.000,0.000,0.000,0.000,0.000,0.000,0.000,0.000,0.000,0.000,0.000,0.000,0.000,0.001,0.000,0.001,0.000,0.001,0.000,0.001,0.001,0.001,0.001,0.002,0.000,0.001,0.000,0.001,0.003,0.000,0.002,0.001,0.003,0.004,0.002,0.002,0.003,0.004,0.002,0.004,0.005,0.006,0.006,0.001,0.005,0.003,0.007,0.008,0.001,0.010,0.008,0.010,0.007,0.007,0.010,0.008,0.014,0.019,0.021,0.016,0.024,0.032,0.046,0.054,0.068,0.103,0.088,0.064,0.039,0.023,0.034,0.025,0.014,0.011,0.010,0.018,0.007,0.008,0.013,0.006,0.007,0.011,0.005,0.007,0.007,0.004,0.008,0.004,0.006,0.002,0.007,0.002,0.003,0.019
,0.74,0.000,0.000,0.000,0.000,0.000,0.000,0.000,0.000,0.000,0.000,0.000,0.000,0.000,0.000,0.000,0.000,0.000,0.000,0.000,0.000,0.000,0.001,0.000,0.000,0.001,0.000,0.001,0.001,0.000,0.001,0.001,0.001,0.001,0.001,0.001,0.001,0.002,0.001,0.000,0.003,0.003,0.002,0.002,0.002,0.003,0.004,0.008,0.004,0.001,0.004,0.006,0.004,0.005,0.003,0.005,0.009,0.008,0.008,0.007,0.006,0.005,0.008,0.007,0.008,0.011,0.013,0.015,0.022,0.023,0.030,0.044,0.041,0.084,0.140,0.091,0.066,0.043,0.030,0.025,0.019,0.021,0.017,0.011,0.013,0.006,0.008,0.008,0.006,0.009,0.010,0.005,0.004,0.004,0.004,0.004,0.006,0.004,0.002,0.002,0.004,0.020
,0.75,0.000,0.000,0.000,0.000,0.000,0.000,0.000,0.000,0.000,0.000,0.000,0.000,0.000,0.000,0.000,0.000,0.000,0.000,0.000,0.001,0.001,0.001,0.000,0.000,0.000,0.000,0.001,0.000,0.001,0.003,0.001,0.001,0.002,0.001,0.000,0.001,0.001,0.004,0.002,0.006,0.001,0.001,0.003,0.002,0.003,0.001,0.001,0.005,0.003,0.004,0.004,0.005,0.006,0.005,0.004,0.004,0.005,0.007,0.007,0.009,0.003,0.011,0.009,0.010,0.008,0.009,0.015,0.020,0.010,0.020,0.033,0.042,0.043,0.079,0.176,0.092,0.060,0.041,0.024,0.024,0.025,0.010,0.012,0.011,0.009,0.008,0.006,0.008,0.008,0.005,0.004,0.008,0.003,0.008,0.004,0.004,0.002,0.004,0.004,0.000,0.024
,0.76,0.000,0.000,0.000,0.000,0.000,0.000,0.000,0.000,0.000,0.000,0.000,0.000,0.000,0.000,0.000,0.000,0.000,0.000,0.000,0.000,0.000,0.000,0.000,0.000,0.001,0.000,0.001,0.001,0.001,0.000,0.001,0.001,0.001,0.001,0.001,0.002,0.001,0.004,0.001,0.004,0.001,0.001,0.003,0.005,0.004,0.001,0.002,0.005,0.004,0.005,0.005,0.003,0.004,0.002,0.007,0.004,0.004,0.001,0.006,0.005,0.008,0.004,0.008,0.010,0.004,0.012,0.007,0.016,0.018,0.022,0.016,0.022,0.030,0.055,0.089,0.200,0.088,0.057,0.040,0.017,0.022,0.018,0.015,0.014,0.011,0.008,0.005,0.010,0.011,0.009,0.007,0.005,0.005,0.004,0.003,0.006,0.003,0.003,0.001,0.003,0.022
,0.77,0.000,0.000,0.000,0.000,0.000,0.000,0.000,0.000,0.000,0.000,0.000,0.000,0.000,0.000,0.000,0.000,0.000,0.000,0.000,0.000,0.000,0.000,0.000,0.000,0.000,0.001,0.001,0.001,0.001,0.001,0.000,0.001,0.001,0.001,0.002,0.001,0.002,0.001,0.003,0.001,0.002,0.001,0.001,0.002,0.002,0.003,0.001,0.002,0.002,0.002,0.001,0.002,0.001,0.002,0.002,0.003,0.004,0.004,0.005,0.007,0.006,0.002,0.007,0.009,0.008,0.009,0.012,0.010,0.012,0.015,0.013,0.019,0.027,0.027,0.057,0.086,0.223,0.103,0.058,0.036,0.030,0.023,0.018,0.017,0.013,0.008,0.012,0.006,0.008,0.006,0.006,0.007,0.004,0.007,0.005,0.003,0.003,0.002,0.003,0.002,0.019
,0.78,0.000,0.000,0.000,0.000,0.000,0.000,0.000,0.000,0.000,0.000,0.000,0.000,0.000,0.000,0.000,0.000,0.000,0.000,0.000,0.000,0.000,0.000,0.000,0.000,0.000,0.000,0.000,0.000,0.000,0.000,0.001,0.000,0.002,0.000,0.000,0.000,0.001,0.001,0.000,0.000,0.001,0.002,0.003,0.001,0.003,0.001,0.002,0.003,0.001,0.001,0.002,0.004,0.003,0.004,0.000,0.002,0.003,0.003,0.004,0.004,0.002,0.005,0.003,0.006,0.006,0.003,0.006,0.006,0.010,0.009,0.013,0.011,0.018,0.021,0.026,0.046,0.104,0.275,0.110,0.055,0.037,0.027,0.019,0.016,0.008,0.015,0.007,0.006,0.006,0.006,0.008,0.003,0.008,0.004,0.003,0.002,0.003,0.002,0.005,0.004,0.016
,0.79,0.000,0.000,0.000,0.000,0.000,0.000,0.000,0.000,0.000,0.000,0.000,0.000,0.000,0.000,0.000,0.000,0.000,0.000,0.000,0.000,0.000,0.000,0.000,0.000,0.000,0.001,0.000,0.000,0.000,0.001,0.001,0.000,0.000,0.001,0.001,0.000,0.000,0.000,0.001,0.002,0.001,0.001,0.002,0.001,0.002,0.004,0.002,0.002,0.002,0.002,0.001,0.001,0.002,0.005,0.003,0.004,0.004,0.002,0.004,0.004,0.004,0.003,0.006,0.003,0.005,0.004,0.006,0.006,0.008,0.007,0.012,0.009,0.013,0.021,0.019,0.028,0.047,0.101,0.296,0.125,0.045,0.029,0.021,0.018,0.011,0.011,0.015,0.007,0.008,0.005,0.007,0.005,0.004,0.002,0.004,0.001,0.003,0.002,0.003,0.002,0.016
,0.8,0.000,0.000,0.000,0.000,0.000,0.000,0.000,0.000,0.000,0.000,0.000,0.000,0.000,0.000,0.000,0.000,0.000,0.000,0.000,0.000,0.000,0.000,0.000,0.000,0.000,0.000,0.000,0.001,0.000,0.000,0.000,0.000,0.000,0.000,0.000,0.001,0.000,0.000,0.000,0.001,0.001,0.001,0.001,0.001,0.003,0.002,0.000,0.002,0.001,0.002,0.002,0.003,0.001,0.002,0.001,0.002,0.002,0.003,0.002,0.004,0.002,0.004,0.003,0.004,0.004,0.005,0.002,0.004,0.003,0.006,0.008,0.008,0.010,0.008,0.017,0.020,0.027,0.041,0.108,0.349,0.134,0.040,0.026,0.021,0.016,0.012,0.008,0.005,0.010,0.004,0.004,0.004,0.004,0.002,0.002,0.001,0.002,0.004,0.003,0.002,0.017
,0.81,0.000,0.000,0.000,0.000,0.000,0.000,0.000,0.000,0.000,0.000,0.000,0.000,0.000,0.000,0.000,0.000,0.000,0.000,0.000,0.000,0.000,0.000,0.000,0.000,0.000,0.000,0.000,0.000,0.000,0.001,0.001,0.001,0.001,0.000,0.001,0.000,0.001,0.000,0.001,0.001,0.000,0.000,0.001,0.002,0.001,0.000,0.002,0.001,0.001,0.002,0.001,0.003,0.003,0.002,0.001,0.002,0.001,0.002,0.001,0.004,0.002,0.002,0.003,0.006,0.002,0.004,0.003,0.004,0.006,0.005,0.007,0.006,0.007,0.010,0.010,0.014,0.014,0.021,0.034,0.110,0.397,0.121,0.039,0.027,0.017,0.013,0.012,0.010,0.005,0.008,0.004,0.007,0.004,0.004,0.002,0.003,0.001,0.001,0.001,0.001,0.015
,0.82,0.000,0.000,0.000,0.000,0.000,0.000,0.000,0.000,0.000,0.000,0.000,0.000,0.000,0.000,0.000,0.000,0.000,0.000,0.000,0.000,0.000,0.000,0.000,0.000,0.000,0.000,0.001,0.000,0.000,0.000,0.000,0.001,0.000,0.001,0.000,0.001,0.001,0.001,0.002,0.001,0.000,0.001,0.000,0.001,0.001,0.002,0.001,0.001,0.000,0.001,0.002,0.003,0.002,0.001,0.001,0.001,0.001,0.001,0.002,0.003,0.002,0.003,0.001,0.005,0.004,0.005,0.004,0.004,0.005,0.004,0.005,0.005,0.007,0.007,0.012,0.009,0.013,0.021,0.024,0.037,0.117,0.373,0.125,0.039,0.021,0.017,0.011,0.013,0.008,0.009,0.007,0.006,0.003,0.006,0.002,0.003,0.003,0.004,0.001,0.001,0.014
,0.83,0.000,0.000,0.000,0.000,0.000,0.000,0.000,0.000,0.000,0.000,0.000,0.000,0.000,0.000,0.000,0.000,0.000,0.000,0.000,0.000,0.000,0.000,0.000,0.000,0.000,0.001,0.000,0.000,0.000,0.000,0.001,0.001,0.001,0.000,0.001,0.000,0.001,0.000,0.001,0.000,0.001,0.001,0.001,0.000,0.001,0.000,0.002,0.001,0.001,0.000,0.000,0.002,0.003,0.000,0.002,0.002,0.002,0.001,0.001,0.002,0.003,0.003,0.003,0.003,0.002,0.004,0.002,0.002,0.003,0.004,0.004,0.006,0.005,0.006,0.006,0.008,0.013,0.012,0.018,0.021,0.032,0.113,0.430,0.112,0.039,0.018,0.015,0.010,0.010,0.007,0.007,0.006,0.004,0.005,0.003,0.003,0.002,0.004,0.004,0.001,0.018
,0.84,0.000,0.000,0.000,0.000,0.000,0.000,0.000,0.000,0.000,0.000,0.000,0.000,0.000,0.000,0.000,0.000,0.000,0.000,0.000,0.000,0.000,0.000,0.000,0.000,0.000,0.000,0.000,0.000,0.000,0.000,0.000,0.000,0.000,0.000,0.000,0.000,0.000,0.001,0.000,0.000,0.002,0.001,0.001,0.002,0.000,0.001,0.003,0.000,0.000,0.001,0.002,0.001,0.001,0.003,0.001,0.003,0.001,0.002,0.001,0.003,0.003,0.001,0.003,0.005,0.001,0.002,0.003,0.004,0.003,0.004,0.005,0.007,0.003,0.008,0.008,0.010,0.008,0.008,0.014,0.016,0.027,0.044,0.123,0.354,0.129,0.043,0.023,0.019,0.012,0.011,0.010,0.007,0.005,0.004,0.005,0.005,0.004,0.004,0.002,0.001,0.020
,0.85,0.000,0.000,0.000,0.000,0.000,0.000,0.000,0.000,0.000,0.000,0.000,0.000,0.000,0.000,0.000,0.000,0.000,0.000,0.000,0.000,0.000,0.000,0.000,0.000,0.000,0.000,0.000,0.000,0.000,0.001,0.000,0.000,0.000,0.000,0.001,0.001,0.001,0.001,0.000,0.001,0.001,0.001,0.000,0.000,0.001,0.002,0.002,0.002,0.001,0.002,0.001,0.001,0.000,0.003,0.002,0.003,0.002,0.004,0.001,0.003,0.003,0.001,0.003,0.003,0.002,0.003,0.005,0.003,0.002,0.004,0.003,0.005,0.004,0.007,0.005,0.007,0.008,0.010,0.012,0.016,0.021,0.018,0.036,0.133,0.351,0.126,0.041,0.023,0.017,0.011,0.010,0.007,0.006,0.008,0.005,0.005,0.005,0.004,0.005,0.002,0.015
,0.86,0.000,0.000,0.000,0.000,0.000,0.000,0.000,0.000,0.000,0.000,0.000,0.000,0.000,0.000,0.000,0.000,0.000,0.000,0.000,0.000,0.000,0.000,0.000,0.000,0.000,0.000,0.000,0.001,0.000,0.000,0.001,0.000,0.000,0.001,0.001,0.000,0.001,0.001,0.000,0.002,0.001,0.001,0.000,0.001,0.002,0.002,0.001,0.002,0.001,0.001,0.003,0.003,0.001,0.002,0.002,0.003,0.001,0.001,0.001,0.003,0.002,0.003,0.005,0.002,0.002,0.002,0.006,0.004,0.005,0.002,0.003,0.004,0.002,0.007,0.005,0.004,0.006,0.008,0.012,0.011,0.014,0.023,0.024,0.046,0.118,0.345,0.127,0.043,0.026,0.014,0.016,0.011,0.004,0.007,0.008,0.004,0.005,0.006,0.003,0.004,0.020
,0.87,0.000,0.000,0.000,0.000,0.000,0.000,0.000,0.000,0.000,0.000,0.000,0.000,0.000,0.000,0.000,0.000,0.000,0.000,0.000,0.000,0.000,0.000,0.000,0.000,0.000,0.000,0.000,0.000,0.000,0.001,0.001,0.000,0.000,0.000,0.000,0.002,0.002,0.002,0.000,0.000,0.003,0.000,0.001,0.002,0.001,0.001,0.002,0.001,0.001,0.003,0.001,0.002,0.002,0.002,0.002,0.003,0.001,0.002,0.002,0.003,0.003,0.002,0.002,0.004,0.001,0.003,0.003,0.002,0.003,0.005,0.003,0.005,0.007,0.005,0.007,0.005,0.006,0.008,0.006,0.012,0.011,0.013,0.014,0.023,0.036,0.139,0.323,0.126,0.048,0.028,0.020,0.010,0.009,0.014,0.008,0.005,0.004,0.004,0.004,0.003,0.023
,0.88,0.000,0.000,0.000,0.000,0.000,0.000,0.000,0.000,0.000,0.000,0.000,0.000,0.000,0.000,0.000,0.000,0.000,0.000,0.000,0.000,0.000,0.000,0.000,0.000,0.000,0.000,0.001,0.000,0.000,0.000,0.000,0.000,0.000,0.001,0.000,0.000,0.001,0.001,0.001,0.001,0.000,0.002,0.001,0.000,0.001,0.002,0.000,0.001,0.002,0.002,0.003,0.002,0.000,0.002,0.002,0.001,0.002,0.001,0.005,0.003,0.002,0.002,0.002,0.004,0.004,0.002,0.003,0.005,0.003,0.005,0.003,0.005,0.006,0.006,0.008,0.002,0.005,0.007,0.008,0.012,0.010,0.009,0.016,0.021,0.023,0.046,0.125,0.297,0.125,0.051,0.028,0.024,0.018,0.011,0.007,0.008,0.006,0.003,0.008,0.006,0.022
,0.89,0.000,0.000,0.000,0.000,0.000,0.000,0.000,0.000,0.000,0.000,0.000,0.000,0.000,0.000,0.000,0.000,0.000,0.000,0.000,0.000,0.000,0.000,0.000,0.001,0.000,0.000,0.000,0.000,0.000,0.000,0.001,0.001,0.001,0.001,0.001,0.000,0.001,0.000,0.000,0.001,0.001,0.001,0.001,0.002,0.003,0.001,0.001,0.002,0.001,0.001,0.004,0.001,0.002,0.001,0.000,0.001,0.001,0.005,0.002,0.001,0.001,0.001,0.003,0.003,0.002,0.002,0.003,0.004,0.004,0.006,0.005,0.005,0.005,0.004,0.008,0.007,0.009,0.009,0.012,0.007,0.009,0.011,0.010,0.016,0.019,0.026,0.058,0.129,0.263,0.125,0.055,0.028,0.020,0.011,0.009,0.009,0.006,0.007,0.005,0.004,0.036
,0.9,0.000,0.000,0.000,0.000,0.000,0.000,0.000,0.000,0.000,0.000,0.000,0.000,0.000,0.000,0.000,0.000,0.000,0.000,0.000,0.000,0.000,0.000,0.000,0.000,0.000,0.000,0.001,0.000,0.000,0.000,0.000,0.001,0.001,0.000,0.002,0.002,0.000,0.001,0.000,0.002,0.002,0.000,0.001,0.000,0.001,0.002,0.001,0.001,0.001,0.002,0.001,0.002,0.002,0.003,0.001,0.003,0.004,0.002,0.003,0.001,0.001,0.002,0.003,0.004,0.004,0.004,0.002,0.002,0.006,0.007,0.003,0.007,0.006,0.003,0.005,0.007,0.006,0.007,0.004,0.007,0.009,0.009,0.008,0.010,0.021,0.021,0.026,0.053,0.127,0.260,0.130,0.052,0.027,0.015,0.014,0.012,0.010,0.012,0.008,0.004,0.036
,0.91,0.000,0.000,0.000,0.000,0.000,0.000,0.000,0.000,0.000,0.000,0.000,0.000,0.000,0.000,0.000,0.000,0.000,0.000,0.000,0.000,0.001,0.000,0.000,0.000,0.001,0.001,0.002,0.001,0.000,0.000,0.001,0.001,0.001,0.001,0.002,0.002,0.000,0.001,0.001,0.001,0.001,0.001,0.001,0.003,0.001,0.003,0.001,0.001,0.002,0.002,0.002,0.000,0.000,0.002,0.003,0.003,0.003,0.003,0.001,0.003,0.002,0.003,0.002,0.003,0.004,0.003,0.003,0.003,0.004,0.004,0.006,0.004,0.008,0.005,0.005,0.004,0.008,0.007,0.007,0.006,0.009,0.007,0.008,0.011,0.019,0.020,0.019,0.043,0.052,0.132,0.248,0.108,0.051,0.023,0.027,0.014,0.016,0.013,0.003,0.005,0.047
,0.92,0.000,0.000,0.000,0.000,0.000,0.000,0.000,0.000,0.000,0.000,0.000,0.000,0.000,0.000,0.000,0.000,0.000,0.000,0.000,0.000,0.000,0.000,0.000,0.000,0.000,0.000,0.000,0.001,0.000,0.001,0.000,0.001,0.001,0.000,0.001,0.003,0.000,0.001,0.002,0.001,0.001,0.001,0.002,0.000,0.001,0.001,0.002,0.002,0.001,0.001,0.002,0.001,0.002,0.003,0.002,0.001,0.003,0.002,0.002,0.003,0.003,0.003,0.003,0.003,0.003,0.004,0.003,0.002,0.005,0.005,0.005,0.005,0.006,0.003,0.002,0.004,0.009,0.006,0.009,0.007,0.007,0.009,0.011,0.013,0.011,0.016,0.018,0.020,0.033,0.052,0.133,0.210,0.129,0.057,0.028,0.021,0.019,0.014,0.013,0.006,0.045
,0.93,0.000,0.000,0.000,0.000,0.000,0.000,0.000,0.000,0.000,0.000,0.000,0.000,0.000,0.000,0.000,0.000,0.000,0.000,0.000,0.000,0.000,0.000,0.000,0.000,0.000,0.001,0.001,0.000,0.000,0.000,0.000,0.001,0.001,0.000,0.002,0.001,0.000,0.001,0.001,0.001,0.001,0.000,0.001,0.001,0.001,0.001,0.002,0.001,0.000,0.001,0.002,0.001,0.002,0.003,0.002,0.003,0.003,0.003,0.002,0.002,0.003,0.002,0.002,0.004,0.001,0.001,0.004,0.001,0.003,0.004,0.004,0.003,0.004,0.002,0.005,0.005,0.004,0.008,0.006,0.004,0.005,0.007,0.007,0.008,0.009,0.009,0.014,0.015,0.023,0.032,0.046,0.119,0.251,0.151,0.054,0.042,0.019,0.014,0.008,0.008,0.052
,0.94,0.000,0.000,0.000,0.000,0.000,0.000,0.000,0.000,0.000,0.000,0.000,0.000,0.000,0.000,0.000,0.000,0.000,0.000,0.000,0.000,0.000,0.000,0.000,0.000,0.000,0.000,0.000,0.000,0.000,0.000,0.000,0.000,0.000,0.000,0.000,0.001,0.001,0.002,0.001,0.001,0.001,0.002,0.002,0.002,0.001,0.001,0.001,0.001,0.002,0.001,0.001,0.002,0.001,0.002,0.002,0.002,0.003,0.001,0.002,0.002,0.003,0.003,0.003,0.003,0.003,0.002,0.003,0.004,0.004,0.003,0.004,0.006,0.003,0.004,0.003,0.007,0.004,0.003,0.004,0.003,0.004,0.007,0.004,0.008,0.011,0.008,0.010,0.016,0.014,0.023,0.028,0.047,0.124,0.277,0.141,0.049,0.025,0.017,0.012,0.012,0.057
,0.95,0.000,0.000,0.000,0.000,0.000,0.000,0.000,0.000,0.000,0.000,0.000,0.000,0.000,0.000,0.000,0.000,0.000,0.000,0.000,0.001,0.000,0.000,0.000,0.000,0.000,0.000,0.000,0.000,0.000,0.001,0.000,0.001,0.001,0.000,0.000,0.000,0.000,0.001,0.000,0.001,0.001,0.001,0.001,0.002,0.000,0.001,0.001,0.002,0.002,0.001,0.000,0.002,0.000,0.000,0.002,0.002,0.001,0.002,0.001,0.003,0.004,0.002,0.001,0.003,0.004,0.002,0.002,0.002,0.002,0.005,0.002,0.002,0.005,0.003,0.005,0.004,0.006,0.005,0.005,0.004,0.005,0.007,0.005,0.004,0.003,0.007,0.007,0.016,0.010,0.016,0.015,0.033,0.046,0.136,0.290,0.120,0.055,0.031,0.019,0.015,0.067
,0.96,0.000,0.000,0.000,0.000,0.000,0.000,0.000,0.000,0.000,0.000,0.000,0.000,0.000,0.000,0.000,0.000,0.000,0.000,0.000,0.000,0.000,0.000,0.000,0.000,0.000,0.001,0.000,0.000,0.000,0.000,0.000,0.000,0.000,0.000,0.001,0.002,0.000,0.000,0.000,0.000,0.001,0.000,0.000,0.001,0.003,0.001,0.001,0.001,0.002,0.001,0.002,0.001,0.002,0.002,0.003,0.001,0.002,0.003,0.001,0.003,0.003,0.001,0.003,0.003,0.002,0.001,0.004,0.006,0.003,0.004,0.005,0.003,0.005,0.004,0.003,0.004,0.004,0.002,0.005,0.003,0.003,0.009,0.008,0.006,0.009,0.012,0.012,0.007,0.013,0.019,0.020,0.026,0.040,0.052,0.129,0.210,0.128,0.057,0.039,0.022,0.078
,0.97,0.000,0.000,0.000,0.000,0.000,0.000,0.000,0.000,0.000,0.000,0.000,0.000,0.000,0.000,0.000,0.000,0.000,0.000,0.000,0.000,0.000,0.000,0.000,0.000,0.000,0.000,0.000,0.000,0.000,0.000,0.001,0.001,0.000,0.000,0.000,0.001,0.001,0.001,0.000,0.001,0.001,0.001,0.001,0.001,0.001,0.001,0.001,0.002,0.002,0.001,0.002,0.002,0.003,0.003,0.001,0.002,0.001,0.003,0.000,0.002,0.003,0.005,0.002,0.003,0.004,0.005,0.003,0.003,0.005,0.003,0.005,0.003,0.002,0.004,0.003,0.005,0.005,0.005,0.008,0.005,0.004,0.008,0.006,0.008,0.005,0.005,0.005,0.014,0.012,0.019,0.020,0.021,0.020,0.044,0.058,0.112,0.186,0.136,0.063,0.027,0.106
,0.98,0.000,0.000,0.000,0.000,0.000,0.000,0.000,0.000,0.000,0.000,0.000,0.000,0.000,0.000,0.000,0.000,0.000,0.000,0.000,0.000,0.000,0.000,0.000,0.000,0.000,0.000,0.000,0.000,0.000,0.000,0.001,0.001,0.000,0.000,0.000,0.001,0.000,0.001,0.001,0.000,0.002,0.000,0.000,0.001,0.004,0.001,0.001,0.002,0.001,0.002,0.002,0.002,0.003,0.000,0.003,0.001,0.001,0.002,0.002,0.002,0.001,0.002,0.004,0.004,0.002,0.002,0.002,0.004,0.004,0.002,0.001,0.004,0.006,0.001,0.006,0.002,0.004,0.004,0.001,0.006,0.007,0.006,0.004,0.004,0.007,0.006,0.006,0.009,0.008,0.012,0.008,0.015,0.027,0.022,0.037,0.058,0.129,0.177,0.137,0.074,0.150
,0.99,0.000,0.000,0.000,0.000,0.000,0.000,0.000,0.000,0.000,0.000,0.000,0.000,0.000,0.000,0.000,0.000,0.000,0.000,0.000,0.000,0.000,0.000,0.000,0.000,0.000,0.000,0.000,0.000,0.000,0.000,0.000,0.000,0.000,0.000,0.000,0.000,0.000,0.001,0.000,0.001,0.001,0.000,0.001,0.000,0.002,0.000,0.001,0.000,0.001,0.003,0.000,0.002,0.001,0.001,0.001,0.001,0.001,0.001,0.006,0.001,0.001,0.001,0.003,0.004,0.003,0.003,0.003,0.001,0.004,0.001,0.003,0.003,0.003,0.003,0.004,0.007,0.001,0.004,0.006,0.001,0.003,0.003,0.007,0.003,0.007,0.006,0.011,0.009,0.007,0.008,0.015,0.011,0.012,0.016,0.028,0.041,0.060,0.117,0.249,0.128,0.172
,1,0.000,0.000,0.000,0.000,0.000,0.000,0.000,0.000,0.000,0.000,0.000,0.000,0.000,0.000,0.000,0.000,0.000,0.000,0.000,0.000,0.000,0.000,0.000,0.000,0.000,0.000,0.000,0.000,0.000,0.000,0.000,0.000,0.000,0.000,0.001,0.000,0.000,0.001,0.001,0.000,0.000,0.001,0.001,0.000,0.001,0.002,0.001,0.001,0.000,0.001,0.001,0.002,0.001,0.004,0.000,0.002,0.001,0.001,0.000,0.001,0.001,0.002,0.000,0.003,0.002,0.004,0.002,0.006,0.004,0.001,0.004,0.002,0.004,0.000,0.003,0.004,0.002,0.004,0.002,0.002,0.002,0.004,0.005,0.002,0.005,0.005,0.001,0.001,0.008,0.006,0.010,0.012,0.014,0.015,0.021,0.025,0.034,0.053,0.132,0.248,0.317
,Clear,0.000,0.000,0.000,0.000,0.000,0.000,0.000,0.000,0.000,0.000,0.000,0.000,0.000,0.000,0.000,0.000,0.000,0.000,0.000,0.000,0.000,0.000,0.000,0.000,0.000,0.000,0.000,0.000,0.000,0.000,0.000,0.000,0.000,0.000,0.000,0.000,0.000,0.000,0.000,0.000,0.000,0.000,0.000,0.000,0.000,0.000,0.000,0.000,0.000,0.000,0.000,0.000,0.000,0.000,0.000,0.000,0.000,0.001,0.001,0.000,0.001,0.001,0.001,0.000,0.001,0.001,0.001,0.001,0.001,0.001,0.001,0.001,0.001,0.001,0.001,0.001,0.001,0.001,0.001,0.001,0.001,0.002,0.002,0.002,0.002,0.002,0.002,0.002,0.002,0.002,0.003,0.002,0.003,0.003,0.003,0.004,0.006,0.006,0.007,0.012,0.910
